a_p,race,gender,activity_level= 0_Mean,activity_level= 1_Mean,activity_level= 2_Mean,activity_level= 3_Mean,alc_freq= 0_Mean,alc_freq= 1_Mean,alc_freq= 2_Mean,alc_freq= 3_Mean,alc_freq= 4_Mean,alc_freq= 5_Mean,avg_drinks_pday_pstyr=1_Mean,avg_drinks_pday_pstyr=2_Mean,avg_drinks_pday_pstyr=3_Mean,avg_drinks_pday_pstyr=4_Mean,avg_drinks_pday_pstyr=NA_Mean,cholesterol_mg= 0_Mean,cholesterol_mg= 1_Mean,cholesterol_mg= 2_Mean,cholesterol_mg= 3_Mean,cholesterol_mg= 4_Mean,current_smkr=0_Mean,current_smkr=1_Mean,current_smkr=2_Mean,current_smkr=3_Mean,current_smkr=NA_Mean,diabetes= 0_Mean,diabetes= 1_Mean,diabetes= 2_Mean,drinks_perwk_pstyr=1_Mean,drinks_perwk_pstyr=2_Mean,drinks_perwk_pstyr=3_Mean,drinks_perwk_pstyr=4_Mean,drinks_perwk_pstyr=NA_Mean,ever_5_or_more_drinks_a_day=0_Me,ever_5_or_more_drinks_a_day=1_Me,ever_5_or_more_drinks_a_day=2_Me,ever_5_or_more_drinks_a_day=3_Me,ever_5_or_more_drinks_a_day=NA_M,thyroid_d= 0_Mean,thyroid_d= 1_Mean,thyroid_d= 2_Mean,fiber_g=0_Mean,fiber_g=1_Mean,fiber_g=2_Mean,fiber_g=NA_Mean,fruits_veggies_pmo= 0_,fruits_veggies_pmo= 1_,fruits_veggies_pmo= 2_,fruits_veggies_pmo= 3_,fruits_veggies_pmo= 4_,hepA_vacc=0_Mean,hepA_vacc=1_Mean,hepA_vacc=2_Mean,hepA_vacc=3_Mean,hepA_vacc=NA_Mean,hepB_vacc=0_Mean,hepB_vacc=1_Mean,hepB_vacc=2_Mean,hepB_vacc=3_Mean,hepB_vacc=NA_Mean,home_smokers=0_Mean,home_smokers=1_Mean,home_smokers=2_Mean,home_smokers=3_Mean,home_smokers=NA_Mean,meat_freq_pmo= 0_Mean,meat_freq_pmo= 1_Mean,meat_freq_pmo= 2_Mean,meat_freq_pmo= 3_Mean,meat_freq_pmo= 4_Mean,meat_freq_pmo= 5_Mean,protein= 0_Mean,protein= 1_Mean,protein= 2_Mean,protein= 3_Mean,protein= 4_Mean,sat_fatty_acid=0_Mean,sat_fatty_acid=1_Mean,sat_fatty_acid=2_Mean,sat_fatty_acid=3_Mean,sat_fatty_acid=4_Mean,sat_fatty_acid=NA_Mean,still_thyroid_d=0_Mean,still_thyroid_d=1_Mean,still_thyroid_d=2_Mean,still_thyroid_d=3_Mean,still_thyroid_d=NA_Mean,period,rate,age_grp,count,pop
3,0,0,5.3073000000000002E-2,.383226,.561995,1.7060000000000001E-3,7.8117000000000006E-2,7.7358999999999997E-2,.414248,.256964,.173312,0,0,0,0,0,1,0,.21585,.230657,.301084,.252409,0,0,0,0,1,0.994302,0.005698,0,0,0,0,0,1,0,0,0,0,1,0.990187,0.00656,0.003253,0,0,0,1,6.8099999999999996E-4,4.7930000000000004E-3,.1245,.861235,8.7910000000000002E-3,0,0,0,0,1,0,0,0,0,1,0,0,0,0,1,4.5570000000000003E-3,4.1099999999999999E-3,0,.119561,.862981,8.7910000000000002E-3,0,5.8187999999999997E-2,.106851,.232142,.602819,0.00545,0.065212,0.119849,0.220259,0.567743,0.021486,0,0,0,0,1,0,1.585221,0,61,3848044
3,1,0,.132412,.265067,.60252,0,9.6727999999999995E-2,4.3131000000000003E-2,.453764,.31152,9.4856999999999997E-2,0,0,0,0,0,1,0,.313472,.25508,.198231,.233216,0,0,0,0,1,0.981989,0.018011,0,0,0,0,0,1,0,0,0,0,1,1,0,0,0,0,0,1,7.646E-3,0,.28406,.708294,0,0,0,0,0,1,0,0,0,0,1,0,0,0,0,1,0,0,0,6.3561999999999994E-2,.936438,0,0,7.6180999999999999E-2,.230276,.224601,.468943,0,0.155338,0.179826,0.293061,0.371775,0,0,0,0,0,1,0,1.158942,0,5,431428
3,2,0,.335755,.207031,.457214,0,2.5825000000000001E-2,0,.743614,.230561,0,0,0,0,0,0,1,0,5.5753999999999998E-2,.504547,8.6371000000000003E-2,.353328,0,0,0,0,1,1,0,0,0,0,0,0,1,0,0,0,0,1,1,0,0,0,0,0,1,0,5.5753999999999998E-2,.198108,.746137,0,0,0,0,0,1,0,0,0,0,1,0,0,0,0,1,0,0,0,.415083,.584917,0,0,7.9471E-2,0,.434941,.485588,0,0,0.265249,0.384466,0.350285,0,0,0,0,0,1,,,,,
3,0,1,7.8791E-2,.51981,.401399,0,.200253,.15357,.513923,.107615,2.3913E-2,7.2599999999999997E-4,0,0,0,0,1,0,.283932,.270134,.220033,.2259,0,0,0,0,1,0.992914,0.007086,0,0,0,0,0,1,0,0,0,0,1,0.942093,0.040788,0.01712,0,0,0,1,0,5.666E-3,9.1704999999999995E-2,.896031,6.5979999999999997E-3,0,0,0,0,1,0,0,0,0,1,0,0,0,0,1,5.3300000000000005E-4,5.3429999999999997E-3,0,.180732,.807799,5.5929999999999999E-3,0,.308153,.271171,.245662,.175014,0,0.284572,0.281792,0.257874,0.17161,0.004152,0,0,0,0,1,0,1.586435,0,60,3782064
3,1,1,.128199,.397695,.474106,0,.292253,.151558,.405913,9.2150999999999997E-2,5.8125999999999997E-2,0,0,0,0,0,1,0,.245722,.314855,.217153,.22227,0,0,0,0,1,1,0,0,0,0,0,0,1,0,0,0,0,1,0.989323,0.005337,0.00534,0,0,0,1,3.5699999999999998E-3,3.9899999999999996E-3,.208155,.768643,1.5642E-2,0,0,0,0,1,0,0,0,0,1,0,0,0,0,1,3.8170000000000001E-3,2.5736999999999999E-2,0,.16186,.792943,1.5642E-2,0,.328568,.237446,.290587,.143399,0,0.270026,0.322258,0.245928,0.157797,0.00399,0,0,0,0,1,0,2.82454,0,14,495656
3,2,1,0,.532476,.467524,0,.259455,.247101,.423565,6.9878999999999997E-2,0,0,0,0,0,0,1,0,.257987,.260089,.313992,.167931,0,0,0,0,1,1,0,0,0,0,0,0,1,0,0,0,0,1,0.954642,0.045358,0,0,0,0,1,0,0,0,.980077,1.9923E-2,0,0,0,0,1,0,0,0,0,1,0,0,0,0,1,0,0,0,.255109,.724968,1.9923E-2,0,.325248,.327686,.30187,4.5196E-2,0,0.238898,0.494304,0.166883,0.099914,0,0,0,0,0,1,,,,,
4,0,0,5.3856000000000001E-2,.63269,.313455,0,.207491,.139346,.539502,.11366,0,0,0,0,0,0,1,.,.,.,.,.,0.205966,0.426804,0.36723,0,0,1,0,0,0,0,0,0,1,0,0,0,0,1,1,0,0,0,0,0,1,0,1.1610000000000001E-2,.132449,.855942,0,0,0,0,0,1,0,0,0,0,1,0,0,0,0,1,5.058E-3,2.7341000000000001E-2,0,.347144,.620456,0,0,7.8714999999999993E-2,9.9552000000000002E-2,.262284,.55945,0.005058,0.053734,0.112134,0.214759,0.614315,0,0,0,0,0,1,1,1.135992,0,48,4225381
4,1,0,.264759,.519815,.215426,0,.122197,.129671,.307809,.440323,0,0,0,0,0,0,1,.,.,.,.,.,0.140041,0.529032,0.330927,0,0,1,0,0,0,0,0,0,1,0,0,0,0,1,1,0,0,0,0,0,1,0,5.5363999999999997E-2,.259979,.684657,0,0,0,0,0,1,0,0,0,0,1,0,0,0,0,1,0,0,0,.451919,.548081,0,0,0,.19123,.116257,.692513,0,0,0.106553,0.391124,0.502323,0,0,0,0,0,1,1,1.733837,0,9,519080
4,2,0,.916386,0,8.3613999999999994E-2,0,.916386,0,8.3613999999999994E-2,0,0,0,0,0,0,0,1,.,.,.,.,.,0,0.083614,0.916386,0,0,1,0,0,0,0,0,0,1,0,0,0,0,1,1,0,0,0,0,0,1,0,0,8.3613999999999994E-2,.916386,0,0,0,0,0,1,0,0,0,0,1,0,0,0,0,1,0,0,0,8.3613999999999994E-2,.916386,0,0,8.3613999999999994E-2,0,0,.916386,0,0.083614,0,0,0.916386,0,0,0,0,0,1,,,,,
4,0,1,.124661,.768462,.106877,0,.478362,.266875,.247149,7.6140000000000001E-3,0,0,0,0,0,0,1,.,.,.,.,.,0.097565,0.456642,0.445793,0,0,0.989921,0.010079,0,0,0,0,0,1,0,0,0,0,1,0.982562,0,0.017438,0,0,0,1,0,0,8.4448999999999996E-2,.915551,0,0,0,0,0,1,0,0,0,0,1,0,0,0,0,1,3.8948999999999998E-2,2.2613000000000001E-2,0,.372211,.560382,5.8450000000000004E-3,0,.300734,.280379,.195063,.223824,0,0.263682,0.310196,0.264262,0.161861,0,0,0,0,0,1,1,0.801881,0,33,4115324
4,1,1,.262223,.613186,.124592,0,.764417,.235583,0,0,0,0,0,0,0,0,1,.,.,.,.,.,0.170252,0.306863,0.522886,0,0,0.921873,0.078127,0,0,0,0,0,1,0,0,0,0,1,1,0,0,0,0,0,1,0,0,0,1,0,0,0,0,0,1,0,0,0,0,1,0,0,0,0,1,0,0,0,.600733,.399267,0,0,.266093,.491296,8.3775000000000002E-2,.158835,0,0.375276,0.26943,0.251055,0.104239,0,0,0,0,0,1,1,1.855882,0,11,593710
4,2,1,0,.695145,.304855,0,.720224,9.9737000000000006E-2,.180039,0,0,0,0,0,0,0,1,.,.,.,.,.,0,0.279776,0.720224,0,0,1,0,0,0,0,0,0,1,0,0,0,0,1,1,0,0,0,0,0,1,0,0,.180039,.819961,0,0,0,0,0,1,0,0,0,0,1,0,0,0,0,1,0,0,0,.900263,9.9737000000000006E-2,0,0,.180039,0,9.9737000000000006E-2,.720224,0,0.099737,0.775447,0,0.124816,0,0,0,0,0,1,,,,,
5,0,0,,,,,,,,,,,,,,,,,,,,,,,,,,,,,,,,,,,,,,,,,,,,,,,,,,,,,,,,,,,,,,,,,,,,,,,,,,,,,,,,,,,,,,,,2,1.22896,0,53,4312589
5,1,0,,,,,,,,,,,,,,,,,,,,,,,,,,,,,,,,,,,,,,,,,,,,,,,,,,,,,,,,,,,,,,,,,,,,,,,,,,,,,,,,,,,,,,,,2,2.097733,0,12,572046
5,0,1,,,,,,,,,,,,,,,,,,,,,,,,,,,,,,,,,,,,,,,,,,,,,,,,,,,,,,,,,,,,,,,,,,,,,,,,,,,,,,,,,,,,,,,,2,0.8858634,0,37,4176716
5,1,1,,,,,,,,,,,,,,,,,,,,,,,,,,,,,,,,,,,,,,,,,,,,,,,,,,,,,,,,,,,,,,,,,,,,,,,,,,,,,,,,,,,,,,,,2,1.550979,0,10,644754
6,0,0,.,.,.,.,.256327,.72897,1.4703000000000001E-2,0,0,0,0,0,0,0,1,.,.,.,.,.,0.118313,0.448872,0,0.432815,0,0.995096,0.004904,0,0,0,0,0,1,0,0,0,0,1,0.992473,0.007527,0,0,0,0,1,.278238,.241785,.308493,.171485,0,0,0,0,0,1,0,0,0,0,1,0.515355,0.48347,0.001175,0,0,.183523,.24279,.254441,.191643,.127603,0,.,.,.,.,.,0,0,0,0,0,1,0.007527,0,0,0.992473,0,3,1.336727,0,53,3964907
6,1,0,.,.,.,.,.337239,.634427,2.8333000000000001E-2,0,0,0,0,0,0,0,1,.,.,.,.,.,0.084393,0.245177,0.005933,0.664497,0,0.994497,0.005503,0,0,0,0,0,1,0,0,0,0,1,1,0,0,0,0,0,1,.440779,.205275,.211914,.142032,0,0,0,0,0,1,0,0,0,0,1,0.554319,0.440619,0.005062,0,0,.309845,.218989,.186194,.149374,.135597,0,.,.,.,.,.,0,0,0,0,0,1,0,0,0,1,0,3,1.876893,0,11,586075
6,2,0,.,.,.,.,.40399,.593154,2.856E-3,0,0,0,0,0,0,0,1,.,.,.,.,.,0.119524,0.294327,0,0.586149,0,1,0,0,0,0,0,0,1,0,0,0,0,1,1,0,0,0,0,0,1,.240762,.189407,.411375,.158457,0,0,0,0,0,1,0,0,0,0,1,0.630356,0.369644,0,0,0,2.7397999999999999E-2,.251918,.116432,.312212,.292039,0,.,.,.,.,.,0,0,0,0,0,1,0,0,0,1,0,,,,,
6,0,1,.,.,.,.,.627119,.364245,8.6359999999999996E-3,0,0,0,0,0,0,0,1,.,.,.,.,.,0.117341,0.36014,0,0.522519,0,0.960522,0.03226,0.007218,0,0,0,0,1,0,0,0,0,1,0.97908,0.02092,0,0,0,0,1,.181691,.241668,.394088,.182552,0,0,0,0,0,1,0,0,0,0,1,0.590683,0.403248,0.006069,0,0,.243939,.290111,.276264,.118215,7.1470000000000006E-2,0,.,.,.,.,.,0,0,0,0,0,1,0.004192,0.016728,0,0.97908,0,3,1.257197,0,48,3818017
6,1,1,.,.,.,.,.618837,.381163,0,0,0,0,0,0,0,0,1,.,.,.,.,.,0.059628,0.260355,0,0.680017,0,0.981162,0.018838,0,0,0,0,0,1,0,0,0,0,1,0.982653,0.017347,0,0,0,0,1,.433137,.214652,.273078,7.9131999999999994E-2,0,0,0,0,0,1,0,0,0,0,1,0.58927,0.41073,0,0,0,.195497,.194738,.344037,.150093,.115635,0,.,.,.,.,.,0,0,0,0,0,1,0.011024,0.006324,0,0.982653,0,3,1.52014,0,10,657834
6,2,1,.,.,.,.,.971206,2.8794E-2,0,0,0,0,0,0,0,0,1,.,.,.,.,.,0.027521,0,0,0.972479,0,0.988881,0.011119,0,0,0,0,0,1,0,0,0,0,1,1,0,0,0,0,0,1,.354625,1.8988000000000001E-2,.319356,.307031,0,0,0,0,0,1,0,0,0,0,1,0.875643,0.124357,0,0,0,.392067,.103513,.190138,8.1899999999999994E-3,.306092,0,.,.,.,.,.,0,0,0,0,0,1,0,0,0,1,0,,,,,
7,0,0,.,.,.,.,.273515,.725976,5.1000000000000004E-4,0,0,0,0,0,0,0,1,.,.,.,.,.,0.115307,0.327922,0,0.556772,0,1,0,0,0,0,0,0,1,0,0,0,0,1,0.991003,0.008997,0,0,0,0,1,.276828,.24031,.330987,.151875,0,0,0,0,0,1,0,0,0,0,1,0.466059,0.523687,0.010254,0,0,.176252,.257068,.23293,.253188,8.0561999999999995E-2,0,.,.,.,.,.,0,0,0,0,0,1,0,0,0.008997,0.991003,0,4,1.571289,0,59,3754879
7,1,0,.,.,.,.,.422337,.577663,0,0,0,0,0,0,0,0,1,.,.,.,.,.,0.039113,0.305778,0,0.655109,0,0.99406,0.00594,0,0,0,0,0,1,0,0,0,0,1,1,0,0,0,0,0,1,.440039,.205213,.269004,8.5744000000000001E-2,0,0,0,0,0,1,0,0,0,0,1,0.51766,0.48234,0,0,0,.2467,.20598,.2273,.172734,.147287,0,.,.,.,.,.,0,0,0,0,0,1,0,0,0,1,0,4,1.485953,0,9,605672
7,2,0,.,.,.,.,.849098,.150902,0,0,0,0,0,0,0,0,1,.,.,.,.,.,0.019495,0.409196,0,0.571309,0,1,0,0,0,0,0,0,1,0,0,0,0,1,1,0,0,0,0,0,1,3.9108999999999998E-2,1.1186E-2,.87458,7.5124999999999997E-2,0,0,0,0,0,1,0,0,0,0,1,0.688706,0.311294,0,0,0,.336252,1.5514999999999999E-2,1.4031999999999999E-2,1.9848999999999999E-2,.614352,0,.,.,.,.,.,0,0,0,0,0,1,0,0,0,1,0,,,,,
7,0,1,.,.,.,.,.631154,.368846,0,0,0,0,0,0,0,0,1,.,.,.,.,.,0.082653,0.333013,0,0.584335,0,0.988492,0.010958,0.00055,0,0,0,0,1,0,0,0,0,1,0.975159,0.024841,0,0,0,0,1,.264979,.230377,.342729,.161915,0,0,0,0,0,1,0,0,0,0,1,0.500143,0.499221,0.000636,0,0,.237745,.229312,.328952,.138634,6.5355999999999997E-2,0,.,.,.,.,.,0,0,0,0,0,1,0,0.024841,0,0.975159,0,4,1.742206,0,62,3558707
7,1,1,.,.,.,.,.764731,.235269,0,0,0,0,0,0,0,0,1,.,.,.,.,.,0.018724,0.185543,0,0.795733,0,0.985527,0.014473,0,0,0,0,0,1,0,0,0,0,1,1,0,0,0,0,0,1,.497533,.221775,.190486,9.0204999999999994E-2,0,0,0,0,0,1,0,0,0,0,1,0.670829,0.329171,0,0,0,.281558,.214729,.238191,.138171,.127351,0,.,.,.,.,.,0,0,0,0,0,1,0,0,0,1,0,4,2.912857,0,20,686611
7,2,1,.,.,.,.,.81941,.18059,0,0,0,0,0,0,0,0,1,.,.,.,.,.,0.00672,0.172063,0,0.821217,0,0.989849,0.010151,0,0,0,0,0,1,0,0,0,0,1,1,0,0,0,0,0,1,.261105,.166917,.477897,9.4080999999999998E-2,0,0,0,0,0,1,0,0,0,0,1,0.635394,0.364606,0,0,0,9.2976000000000003E-2,7.5100000000000002E-3,.163212,.189678,.546625,0,.,.,.,.,.,0,0,0,0,0,1,0,0,0,1,0,,,,,
8,0,0,.370462,0,.629538,0,.,.,.,.,.,.,0.198247,0.075882,0.141089,0.19367,0.391111,.904026,9.5974000000000004E-2,0,0,0,0.050816,0.496935,0,0.452248,0,1,0,0,0.098894,0.032753,0.01808,0.018965,0.831308,0.347756,0.261132,0.193394,0.197717,0,1,0,0,0.363222,0.037405,0,0.599373,.,.,.,.,.,0.71004,0.040458,0.179342,0.070159,0,0.634152,0.092491,0.203197,0.070159,0,0.673857,0.281234,0,0.044909,0,.,.,.,.,.,.,1,0,0,0,0,0.235331,0,0,0,0,0.764669,0,0,0,0,1,5,1.860322,0,65,3494019
8,1,0,.562979,0,.437021,0,.,.,.,.,.,.,0.344238,0.119779,0.093071,0,0.442913,1,0,0,0,0,0.094655,0.240881,0,0.664464,0,1,0,0,0.064693,0.068117,0,0.059343,0.807847,0.557087,0,0.13964,0.303272,0,0.989876,0,0.010124,0.19657,0.094655,0,0.708775,.,.,.,.,.,1,0,0,0,0,0.602073,0,0.268411,0.129516,0,0.664464,0.206019,0,0.129516,0,.,.,.,.,.,.,.63835,.36165,0,0,0,0.129516,0,0,0,0,0.870484,0,0,0,0,1,5,2.369897,0,14,590743
8,2,0,.42059,0,.57941,0,.,.,.,.,.,.,0.27073,0.061801,0.248224,0.082401,0.336844,1,0,0,0,0,0.060337,0.287501,0,0.652161,0,1,0,0,0.066284,0.055739,0.018266,0.009613,0.850097,0.580755,0.082401,0.10712,0.229725,0,1,0,0,0.429218,0.047387,0,0.523395,.,.,.,.,.,0.753614,0.033083,0.062277,0.151026,0,0.6782,0,0.038673,0.283128,0,0.600061,0.399939,0,0,0,.,.,.,.,.,.,.826558,.173442,0,0,0,0.250904,0,0,0,0,0.749096,0,0,0,0,1,,,,,
8,0,1,.536793,0,.463207,0,.,.,.,.,.,.,0.385262,0.25851,0.041172,0.003708,0.311348,1,0,0,0,0,0.127646,0.34188,0,0.530474,0,1,0,0,0.06193,0.052685,0.011004,0.018735,0.855647,0.805036,0.003708,0.084026,0.107229,0,0.963074,0.036926,0,0.344353,0.035958,0,0.619689,.,.,.,.,.,0.921086,0.031332,0.00449,0.043093,0,0.618166,0.012345,0.282417,0.087072,0,0.664016,0.260028,0.031738,0.044218,0,.,.,.,.,.,.,.39272,.60728,0,0,0,0.334612,0,0,0,0,0.665388,0,0.036926,0,0,0.963074,5,1.729748,0,57,3295277
8,1,1,.819358,0,.180642,0,.,.,.,.,.,.,0.289742,0.108321,0,0,0.601937,1,0,0,0,0,0.061526,0.075406,0,0.863068,0,1,0,0,0.03422,0.018058,0.007029,0.008357,0.932336,0.405707,0,0.039655,0.554638,0,1,0,0,0.234118,0.057956,0,0.707926,.,.,.,.,.,0.949694,0.042662,0,0.007644,0,0.76207,0.046127,0.152148,0.039655,0,0.911212,0.088788,0,0,0,.,.,.,.,.,.,1,0,0,0,0,0.184107,0,0,0,0,0.815893,0,0,0,0,1,5,1.184603,0,8,675332
8,2,1,.800776,0,.199224,0,.,.,.,.,.,.,0.338838,0.064446,0,0,0.596716,1,0,0,0,0,0.09721,0.065551,0,0.837239,0,1,0,0,0.036905,0.073977,0.008396,0.013786,0.866936,0.515615,0,0.054434,0.429951,0,0.979997,0.002601,0.017402,0.285315,0,0,0.714685,.,.,.,.,.,0.826658,0.113314,0,0.060028,0,0.699435,0.021857,0.151662,0.127047,0,0.834455,0.160428,0,0.005117,0,.,.,.,.,.,.,.524673,.475327,0,0,0,0.146423,0,0,0,0,0.853577,0,0.002601,0,0,0.997399,,,,,
9,0,0,.344165,0,.655835,0,.,.,.,.,.,.,0.313512,0.189577,0.100778,0.197045,0.199088,1,0,0,0,0,0.039966,0.412186,0,0.547848,0,1,0,0,0.048369,0.080875,0.020467,0.021915,0.828373,0.765846,0.051464,0.084842,0.097849,0,0.966756,0.033244,0,0.403129,0.035075,0,0.561795,.,.,.,.,.,0.794672,0.074371,0.066039,0.064918,0,0.467098,0.090752,0.248511,0.193639,0,0.623461,0.355234,0,0.021305,0,.,.,.,.,.,.,.810844,.189156,0,0,0,0.125417,0.026989,0,0,0,0.847595,0,0.033244,0,0,0.966756,6,2.414831,0,88,3644148
9,1,0,.465412,0,.534588,0,.,.,.,.,.,.,0.427479,0.158304,0.072307,0,0.341909,1,0,0,0,0,0,0.39642,0,0.60358,0,1,0,0,0.041947,0.054319,0.018252,0.025644,0.859837,0.585784,0.072307,0.103224,0.238685,0,1,0,0,0.159106,0,0,0.840894,.,.,.,.,.,0.798458,0.04351,0.108585,0.049447,0,0.769323,0,0.083935,0.146742,0,0.493486,0.506514,0,0,0,.,.,.,.,.,.,.749391,.250609,0,0,0,0.159106,0,0,0,0,0.840894,0,0,0,0,1,6,2.586624,0,16,618567
9,2,0,.468022,0,.531978,0,.,.,.,.,.,.,0.117084,0.294665,0.188789,0.160474,0.238987,1,0,0,0,0,0.029433,0.255217,0,0.71535,0,1,0,0,0.048857,0.056748,0.017215,0.001852,0.875328,0.733799,0.040483,0.065474,0.160245,0,1,0,0,0.339821,0,0,0.660179,.,.,.,.,.,0.804526,0.065687,0.064372,0.065415,0,0.584478,0.084103,0.29318,0.038239,0,0.680851,0.23924,0,0.079909,0,.,.,.,.,.,.,.868869,.131131,0,0,0,0.277643,0.008954,0,0,0,0.713403,0,0,0,0,1,,,,,
9,0,1,.397399,0,.602601,0,.,.,.,.,.,.,0.345964,0.203751,0.063413,0,0.386872,1,0,0,0,0,0.137284,0.353873,0,0.508842,0,1,0,0,0.045817,0.053392,0.017612,0.021708,0.861471,0.618079,0.041714,0.075116,0.265091,0,1,0,0,0.378941,0,0.015137,0.605921,.,.,.,.,.,0.889937,0.00543,0.081215,0.023419,0,0.544753,0.028143,0.389566,0.037538,0,0.60045,0.381905,0,0.017646,0,.,.,.,.,.,.,.725479,.274521,0,0,0,0.212247,0.015137,0,0,0,0.772616,0,0,0,0,1,6,2.359631,0,82,3475119
9,1,1,.788005,0,.211995,0,.,.,.,.,.,.,0.343971,0.034938,0,0,0.621091,.970803,0,2.9197000000000001E-2,0,0,0,0.059119,0,0.940881,0,1,0,0,0.021795,0.028485,0.0101,0.002862,0.936759,0.378909,0,0.260994,0.360097,0,0.929525,0.070475,0,0.284226,0,0,0.715774,.,.,.,.,.,0.69964,0.031479,0.100292,0.168589,0,0.438392,0.01416,0.11644,0.431008,0,1,0,0,0,0,.,.,.,.,.,.,1,0,0,0,0,0.245162,0,0,0,0,0.754838,0,0.070475,0,0,0.929525,6,1.130102,0,8,707901
9,2,1,.562941,0,.437059,0,.,.,.,.,.,.,0.084776,0.305772,0.038857,0.012891,0.557704,.996679,0,0,3.3210000000000002E-3,0,0.044748,0.102086,0,0.853166,0,1,0,0,0.047604,0.032055,0.013836,0.016435,0.89007,0.647936,0,0.052752,0.299312,0,0.987109,0.012891,0,0.264853,0,0,0.735147,.,.,.,.,.,0.848878,0.001396,0.084472,0.065254,0,0.448029,0.178897,0.213637,0.159437,0,0.850458,0.145395,0,0.004148,0,.,.,.,.,.,.,.456239,.543761,0,0,0,0.116802,0.012805,0,0,0,0.870393,0,0.012891,0,0,0.987109,,,,,
10,0,0,,,,,,,,,,,,,,,,,,,,,,,,,,,,,,,,,,,,,,,,,,,,,,,,,,,,,,,,,,,,,,,,,,,,,,,,,,,,,,,,,,,,,,,,7,2.681819,0,101,3766100
10,1,0,,,,,,,,,,,,,,,,,,,,,,,,,,,,,,,,,,,,,,,,,,,,,,,,,,,,,,,,,,,,,,,,,,,,,,,,,,,,,,,,,,,,,,,,7,2.386037,0,16,670568
10,0,1,,,,,,,,,,,,,,,,,,,,,,,,,,,,,,,,,,,,,,,,,,,,,,,,,,,,,,,,,,,,,,,,,,,,,,,,,,,,,,,,,,,,,,,,7,2.978274,0,106,3559108
10,1,1,,,,,,,,,,,,,,,,,,,,,,,,,,,,,,,,,,,,,,,,,,,,,,,,,,,,,,,,,,,,,,,,,,,,,,,,,,,,,,,,,,,,,,,,7,2.591143,0,19,733267
15,0,0,.10095,.363109,.535941,0,8.0871999999999999E-2,5.9936999999999997E-2,.408264,.251665,.199262,0,0,0,0,0,1,0,.213321,.25602,.217821,.312838,0,0,0,0,1,0.993201,0.006799,0,0,0,0,0,1,0,0,0,0,1,0.983563,0.011198,0.005239,0,0,0,1,0,9.0899999999999998E-4,7.5042999999999999E-2,.904523,1.9525000000000001E-2,0,0,0,0,1,0,0,0,0,1,0,0,0,0,1,6.398E-3,0,0,.106339,.867738,1.9525000000000001E-2,0,5.5029000000000002E-2,.111881,.249906,.583183,0.005068,0.05641,0.119276,0.256451,0.544818,0.017978,0,0,0,0,1,0,3.471316,1,114,3284057
15,1,0,7.9177999999999998E-2,.254973,.665849,0,9.2048000000000005E-2,1.6417999999999999E-2,.482602,.148382,.260551,0,0,0,0,0,1,0,.175788,.183176,.260425,.38061,0,0,0,0,1,1,0,0,0,0,0,0,1,0,0,0,0,1,1,0,0,0,0,0,1,8.0160000000000006E-3,6.4229999999999999E-3,.157428,.782208,4.5925000000000001E-2,0,0,0,0,1,0,0,0,0,1,0,0,0,0,1,0,0,0,8.3020999999999998E-2,.871054,4.5925000000000001E-2,0,2.5194999999999999E-2,.182235,.228306,.564264,0.008016,0.113564,0.081444,0.429501,0.35538,0.012095,0,0,0,0,1,0,3.825802,1,13,339798
15,2,0,4.6753999999999997E-2,.356336,.596911,0,0,.261975,.738025,0,0,0,0,0,0,0,1,0,4.1034000000000001E-2,0,.689444,.269521,0,0,0,0,1,1,0,0,0,0,0,0,1,0,0,0,0,1,1,0,0,0,0,0,1,0,0,4.1034000000000001E-2,.562807,.396159,0,0,0,0,1,0,0,0,0,1,0,0,0,0,1,0,0,0,.439728,.164113,.396159,0,.238977,.396159,4.1034000000000001E-2,.32383,0,0,0.67617,0.159717,0.164113,0,0,0,0,0,1,,,,,
15,0,1,6.9447999999999996E-2,.444226,.486326,0,.174756,.194054,.450793,.136707,4.0857999999999998E-2,2.833E-3,0,0,0,0,1,0,.274772,.273458,.239166,.212604,0,0,0,0,1,0.991686,0.008314,0,0,0,0,0,1,0,0,0,0,1,0.918325,0.055753,0.025922,0,0,0,1,3.3599999999999998E-4,3.7500000000000001E-4,5.8088000000000001E-2,.936442,4.7590000000000002E-3,0,0,0,0,1,0,0,0,0,1,0,0,0,0,1,0,3.1250000000000002E-3,0,.139849,.85246,4.5659999999999997E-3,1.029E-3,.22866,.314194,.254866,.20125,0.001029,0.231925,0.317293,0.260068,0.185996,0.003689,0,0,0,0,1,0,3.569964,1,117,3277344
15,1,1,5.5480000000000002E-2,.404246,.540274,0,.292862,6.9732000000000002E-2,.398586,.189393,4.9425999999999998E-2,0,0,0,0,0,1,0,.343859,.199733,.209739,.246668,0,0,0,0,1,0.990208,0.009792,0,0,0,0,0,1,0,0,0,0,1,0.973006,0.010841,0.016153,0,0,0,1,0,2.7656E-2,.151018,.762173,5.9152999999999997E-2,0,0,0,0,1,0,0,0,0,1,0,0,0,0,1,0,0,0,9.6264000000000002E-2,.851714,5.2023E-2,0,.365383,.247586,.214907,.172124,0.008326,0.350947,0.315929,0.201497,0.115312,0.00799,0,0,0,0,1,0,3.587802,1,14,390211
15,2,1,5.6209000000000002E-2,.275709,.668081,0,.303495,0,.451089,.245415,0,0,0,0,0,0,1,0,5.4556E-2,.389283,.298556,.257605,0,0,0,0,1,1,0,0,0,0,0,0,1,0,0,0,0,1,1,0,0,0,0,0,1,0,0,1.4055E-2,.936957,4.8987000000000003E-2,0,0,0,0,1,0,0,0,0,1,0,0,0,0,1,0,0,0,1.4055E-2,.936957,4.8987000000000003E-2,0,1.7472000000000001E-2,.341099,.25797,.383459,0,0.09198,0.497653,0.312708,0.097658,0,0,0,0,0,1,,,,,
16,0,0,7.9115000000000005E-2,.732025,.188861,0,.235383,.162625,.432912,.169081,0,0,0,0,0,0,1,.,.,.,.,.,0.217172,0.440402,0.342426,0,0,0.995364,0.004636,0,0,0,0,0,1,0,0,0,0,1,0.99137,0,0.00863,0,0,0,1,0,7.2690000000000003E-3,.13816,.854571,0,0,0,0,0,1,0,0,0,0,1,0,0,0,0,1,2.2626E-2,7.0800000000000004E-3,0,.356576,.613718,0,0,6.7141999999999993E-2,.127647,.208199,.597013,0.001514,0.097204,0.139063,0.208693,0.553526,0,0,0,0,0,1,1,2.593779,1,100,3855379
16,1,0,.245804,.588287,.165909,0,.159215,.163175,.535279,.142331,0,0,0,0,0,0,1,.,.,.,.,.,0.134473,0.636062,0.229465,0,0,0.97129,0.02871,0,0,0,0,0,1,0,0,0,0,1,1,0,0,0,0,0,1,0,0,.230266,.769734,0,0,0,0,0,1,0,0,0,0,1,0,0,0,0,1,5.8259999999999996E-3,2.2998000000000001E-2,0,.346217,.624959,0,0,.112468,.188391,.212404,.486737,0,0.071657,0.142185,0.322014,0.464144,0,0,0,0,0,1,1,5.982425,1,27,451322
16,2,0,.240379,.504216,.255405,0,7.0157999999999998E-2,.388646,.289002,.252193,0,0,0,0,0,0,1,.,.,.,.,.,0.107644,0.475251,0.417105,0,0,1,0,0,0,0,0,0,1,0,0,0,0,1,1,0,0,0,0,0,1,0,0,.108628,.891372,0,0,0,0,0,1,0,0,0,0,1,0,0,0,0,1,0,5.8063999999999998E-2,0,.461279,.480657,0,0,.108946,.126037,.130039,.634978,0,0.12704,0.032926,0.42672,0.413314,0,0,0,0,0,1,,,,,
16,0,1,.151824,.755939,9.2237E-2,0,.562043,.26542,.159726,1.2810999999999999E-2,0,0,0,0,0,0,1,.,.,.,.,.,0.131629,0.355413,0.512957,0,0,0.988263,0.011737,0,0,0,0,0,1,0,0,0,0,1,0.934418,0,0.065582,0,0,0,1,2.5249999999999999E-3,1.2539E-2,8.8009000000000004E-2,.896927,0,0,0,0,0,1,0,0,0,0,1,0,0,0,0,1,1.2800000000000001E-2,1.1257E-2,0,.501097,.472945,1.9009999999999999E-3,0,.315097,.285269,.235169,.164464,0.005014,0.281847,0.256554,0.304834,0.151751,0,0,0,0,0,1,1,2.794577,1,107,3828844
16,1,1,.348147,.477804,.17405,0,.539275,.200114,.210048,5.0562999999999997E-2,0,0,0,0,0,0,1,.,.,.,.,.,0.049515,0.383123,0.567362,0,0,0.984354,0.015646,0,0,0,0,0,1,0,0,0,0,1,0.967235,0,0.032765,0,0,0,1,0,2.2855E-2,.205761,.771384,0,0,0,0,0,1,0,0,0,0,1,0,0,0,0,1,1.404E-2,0,0,.487048,.498912,0,0,.296823,.343939,.288725,7.0513000000000006E-2,0,0.296314,0.334214,0.251992,0.11748,0,0,0,0,0,1,1,3.660513,1,19,519053
16,2,1,.47638,.420387,.103233,0,.896767,.103233,0,0,0,0,0,0,0,0,1,.,.,.,.,.,0,0.432687,0.567313,0,0,1,0,0,0,0,0,0,1,0,0,0,0,1,1,0,0,0,0,0,1,0,0,8.5712999999999998E-2,.914287,0,0,0,0,0,1,0,0,0,0,1,0,0,0,0,1,0,0,0,.453663,.546337,0,0,.245291,.203766,.438586,.112357,0,0.284467,0.259396,0.294109,0.162027,0,0,0,0,0,1,,,,,
17,0,0,,,,,,,,,,,,,,,,,,,,,,,,,,,,,,,,,,,,,,,,,,,,,,,,,,,,,,,,,,,,,,,,,,,,,,,,,,,,,,,,,,,,,,,,2,3.057908,1,129,4218571
17,1,0,,,,,,,,,,,,,,,,,,,,,,,,,,,,,,,,,,,,,,,,,,,,,,,,,,,,,,,,,,,,,,,,,,,,,,,,,,,,,,,,,,,,,,,,2,2.444707,1,13,531761
17,0,1,,,,,,,,,,,,,,,,,,,,,,,,,,,,,,,,,,,,,,,,,,,,,,,,,,,,,,,,,,,,,,,,,,,,,,,,,,,,,,,,,,,,,,,,2,2.454418,1,102,4155771
17,1,1,,,,,,,,,,,,,,,,,,,,,,,,,,,,,,,,,,,,,,,,,,,,,,,,,,,,,,,,,,,,,,,,,,,,,,,,,,,,,,,,,,,,,,,,2,4.102982,1,25,609313
18,0,0,.,.,.,.,.310244,.661626,2.8129999999999999E-2,0,0,0,0,0,0,0,1,.,.,.,.,.,0.129106,0.361582,0.000384,0.508928,0,0.99954,0.00046,0,0,0,0,0,1,0,0,0,0,1,0.988213,0.011787,0,0,0,0,1,.225808,.209979,.379333,.184879,0,0,0,0,0,1,0,0,0,0,1,0.592265,0.407735,0,0,0,.199226,.246885,.271866,.209055,7.2968000000000005E-2,0,.,.,.,.,.,0,0,0,0,0,1,0.0076,0,0.004187,0.988213,0,3,3.525977,1,156,4424306
18,1,0,.,.,.,.,.356085,.628003,1.5911999999999999E-2,0,0,0,0,0,0,0,1,.,.,.,.,.,0.059908,0.368794,0,0.571297,0,0.987715,0.012285,0,0,0,0,0,1,0,0,0,0,1,0.993005,0.006995,0,0,0,0,1,.377107,.15333,.354792,.114771,0,0,0,0,0,1,0,0,0,0,1,0.590483,0.409517,0,0,0,.295192,.122198,.250365,.156603,.175642,0,.,.,.,.,.,0,0,0,0,0,1,0,0.006995,0,0.993005,0,3,2.859161,1,17,594580
18,2,0,.,.,.,.,.338857,.661143,0,0,0,0,0,0,0,0,1,.,.,.,.,.,0.005951,0.419342,0,0.574707,0,1,0,0,0,0,0,0,1,0,0,0,0,1,1,0,0,0,0,0,1,.471977,.279875,.169205,7.8942999999999999E-2,0,0,0,0,0,1,0,0,0,0,1,0.602742,0.397258,0,0,0,.225748,.262883,.126723,.23071,.153935,0,.,.,.,.,.,0,0,0,0,0,1,0,0,0,1,0,,,,,
18,0,1,.,.,.,.,.590507,.409493,0,0,0,0,0,0,0,0,1,.,.,.,.,.,0.10771,0.391141,0,0.501149,0,0.984117,0.015883,0,0,0,0,0,1,0,0,0,0,1,0.974393,0.025607,0,0,0,0,1,.181687,.214966,.391117,.21223,0,0,0,0,0,1,0,0,0,0,1,0.577917,0.418381,0.003702,0,0,.251414,.275641,.258602,.130462,8.3879999999999996E-2,0,.,.,.,.,.,0,0,0,0,0,1,0.007187,0.013993,0.004427,0.974393,0,3,2.418141,1,104,4300824
18,1,1,.,.,.,.,.606398,.382852,1.0749999999999999E-2,0,0,0,0,0,0,0,1,.,.,.,.,.,0.052805,0.393436,0,0.553759,0,0.963603,0.036397,0,0,0,0,0,1,0,0,0,0,1,0.981249,0.018751,0,0,0,0,1,.358451,.181948,.356353,.103249,0,0,0,0,0,1,0,0,0,0,1,0.466053,0.533947,0,0,0,.163513,.213255,.322949,.190436,.109847,0,.,.,.,.,.,0,0,0,0,0,1,0.00351,0.015241,0,0.981249,0,3,5.024762,1,34,676649
18,2,1,.,.,.,.,.736993,.263007,0,0,0,0,0,0,0,0,1,.,.,.,.,.,0.108783,0.00654,0,0.884677,0,1,0,0,0,0,0,0,1,0,0,0,0,1,0.994556,0.005444,0,0,0,0,1,.409069,0,.326491,.26444,0,0,0,0,0,1,0,0,0,0,1,0.775221,0.224779,0,0,0,.135204,.131321,.162643,.564292,6.5399999999999998E-3,0,.,.,.,.,.,0,0,0,0,0,1,0,0.005444,0,0.994556,0,,,,,
19,0,0,.,.,.,.,.318276,.673063,8.6610000000000003E-3,0,0,0,0,0,0,0,1,.,.,.,.,.,0.135375,0.353702,0,0.510923,0,0.988487,0.011513,0,0,0,0,0,1,0,0,0,0,1,1,0,0,0,0,0,1,.272719,.222378,.382367,.122536,0,0,0,0,0,1,0,0,0,0,1,0.590691,0.409309,0,0,0,.177451,.237425,.371,.106032,.108092,0,.,.,.,.,.,0,0,0,0,0,1,0,0,0,1,0,4,3.257578,1,136,4174881
19,1,0,.,.,.,.,.214777,.733583,5.1640999999999999E-2,0,0,0,0,0,0,0,1,.,.,.,.,.,0.056019,0.371234,0,0.572746,0,0.972692,0.027308,0,0,0,0,0,1,0,0,0,0,1,1,0,0,0,0,0,1,.335619,.278629,.276314,.109437,0,0,0,0,0,1,0,0,0,0,1,0.497124,0.502876,0,0,0,.275482,.128176,.220326,.217785,.158231,0,.,.,.,.,.,0,0,0,0,0,1,0,0,0,1,0,4,3.779932,1,24,634932
19,2,0,.,.,.,.,.504677,.495323,0,0,0,0,0,0,0,0,1,.,.,.,.,.,0.018968,0.010977,0,0.970055,0,1,0,0,0,0,0,0,1,0,0,0,0,1,1,0,0,0,0,0,1,1.8325000000000001E-2,.254799,.248581,.478295,0,0,0,0,0,1,0,0,0,0,1,0.87531,0.12469,0,0,0,.342811,.186015,.22487,.236202,1.0102E-2,0,.,.,.,.,.,0,0,0,0,0,1,0,0,0,1,0,,,,,
19,0,1,.,.,.,.,.570085,.421398,8.5159999999999993E-3,0,0,0,0,0,0,0,1,.,.,.,.,.,0.108734,0.376494,0,0.514773,0,0.991538,0.002634,0.005829,0,0,0,0,1,0,0,0,0,1,0.9832,0.0168,0,0,0,0,1,.265857,.202427,.386557,.145159,0,0,0,0,0,1,0,0,0,0,1,0.540815,0.459185,0,0,0,.253658,.278393,.332627,.104619,3.0703000000000001E-2,0,.,.,.,.,.,0,0,0,0,0,1,0,0.0168,0,0.9832,0,4,3.315287,1,132,3981556
19,1,1,.,.,.,.,.656128,.343872,0,0,0,0,0,0,0,0,1,.,.,.,.,.,0.074648,0.22831,0,0.697042,0,0.977775,0.022225,0,0,0,0,0,1,0,0,0,0,1,0.985444,0.014556,0,0,0,0,1,.312908,.211288,.308189,.167615,0,0,0,0,0,1,0,0,0,0,1,0.676415,0.323585,0,0,0,.223107,.278857,.24501,.171444,8.1582000000000002E-2,0,.,.,.,.,.,0,0,0,0,0,1,0,0.014556,0,0.985444,0,4,4.34804,1,31,712965
19,2,1,.,.,.,.,.389741,.610259,0,0,0,0,0,0,0,0,1,.,.,.,.,.,0,0.009656,0,0.990344,0,1,0,0,0,0,0,0,1,0,0,0,0,1,1,0,0,0,0,0,1,5.7130000000000002E-3,5.6959999999999997E-3,.831699,.156892,0,0,0,0,0,1,0,0,0,0,1,0.631462,0.368538,0,0,0,.461976,.114754,.148249,0,.275022,0,.,.,.,.,.,0,0,0,0,0,1,0,0,0,1,0,,,,,
20,0,0,.5108,0,.4892,0,.,.,.,.,.,.,0.366282,0.439357,0.051796,0.028903,0.113661,.945353,4.8549999999999999E-3,4.9792000000000003E-2,0,0,0.194512,0.441796,0,0.363692,0,1,0,0,0.07553,0.063768,0.020401,0.027137,0.813163,0.7254,0.195988,0.036732,0.04188,0,1,0,0,0.301941,0,0,0.698059,.,.,.,.,.,0.882035,0,0.034455,0.08351,0,0.612903,0,0.301262,0.085835,0,0.79034,0.20966,0,0,0,.,.,.,.,.,.,1,0,0,0,0,0.122562,0,0,0,0,0.877438,0,0,0,0,1,5,4.169313,1,161,3861547
20,1,0,.598606,0,.401394,0,.,.,.,.,.,.,0.335474,0.140389,0,0,0.524137,.79019,.20981,0,0,0,0.008449,0.397558,0,0.593992,0,1,0,0,0.036783,0.028841,0.04176,0.032486,0.860129,0.502898,0.121282,0.071542,0.304278,0,1,0,0,0.245207,0,0,0.754793,.,.,.,.,.,0.770411,0,0.130091,0.099498,0,0.666525,0,0.225527,0.107948,0,0.489748,0.510252,0,0,0,.,.,.,.,.,.,.,.,.,.,.,0.09689,0,0,0,0,0.90311,0,0,0,0,1,5,3.600078,1,23,638875
20,2,0,.533342,0,.466658,0,.,.,.,.,.,.,0.374285,0.123499,0.156834,0.043076,0.302306,.954923,0,0,0,4.5076999999999999E-2,0.235616,0.257213,0,0.507171,0,1,0,0,0.029558,0.050117,0.018875,0.018177,0.883274,0.682177,0.089205,0.018399,0.210219,0,1,0,0,0.214938,0.018247,0,0.766815,.,.,.,.,.,0.876646,0.078105,0.026045,0.019203,0,0.707154,0.020474,0.099877,0.172496,0,0.897321,0.102679,0,0,0,.,.,.,.,.,.,.716199,.283801,0,0,0,0.084545,0,0,0,0,0.915455,0,0,0,0,1,,,,,
20,0,1,.423395,0,.576605,0,.,.,.,.,.,.,0.480107,0.169985,0.003101,0,0.346808,1,0,0,0,0,0.165066,0.411961,0,0.422973,0,1,0,0,0.048377,0.054985,0.007226,0.012614,0.876797,0.626476,0.117926,0.125629,0.129969,0,0.996818,0.003182,0,0.405757,0,0,0.594243,.,.,.,.,.,0.854862,0.140375,0.002908,0.001854,0,0.686941,0.035217,0.203067,0.074775,0,0.731101,0.268899,0,0,0,.,.,.,.,.,.,1,0,0,0,0,0.15554,0,0,0,0,0.84446,0,0.003182,0,0,0.996818,5,3.433813,1,125,3640268
20,1,1,.763614,0,.236386,0,.,.,.,.,.,.,0.529425,0.072377,0,0,0.398198,1,0,0,0,0,0.062546,0.201478,0,0.735976,0,1,0,0,0.015447,0.046585,0.010885,0.01777,0.909313,0.576334,0.049764,0.132531,0.241371,0,1,0,0,0.306627,0,0,0.693373,.,.,.,.,.,0.89786,0.090504,0,0.011636,0,0.501886,0.096564,0.389915,0.011636,0,0.735976,0.264024,0,0,0,.,.,.,.,.,.,.342707,.657293,0,0,0,0.190199,0,0,0,0,0.809801,0,0,0,0,1,5,4.674587,1,34,727337
20,2,1,.809917,0,.190083,0,.,.,.,.,.,.,0.284572,0.201197,0,0.020462,0.493769,1,0,0,0,0,0.064568,0.114823,0,0.820609,0,0.961971,0.038029,0,0.057941,0.053665,0.015358,0.020116,0.852919,0.666056,0,0.101944,0.232,0,0.92577,0.07423,0,0.321669,0,0,0.678331,.,.,.,.,.,0.945996,0.020462,0.033542,0,0,0.793342,0.001729,0.181575,0.023354,0,0.742601,0.257399,0,0,0,.,.,.,.,.,.,.762487,.237513,0,0,0,0.150929,0,0,0,0,0.849071,0.036179,0,0.03805,0,0.92577,,,,,
21,0,0,.410922,0,.589078,0,.,.,.,.,.,.,0.363931,0.213554,0.206695,0.054256,0.161564,1,0,0,0,0,0.135958,0.340024,0,0.524018,0,1,0,0,0.063025,0.065895,0.028339,0.020289,0.822452,0.773407,0.089186,0.032153,0.105254,0,0.971414,0.028586,0,0.486555,0,0,0.513445,.,.,.,.,.,0.809945,0.108568,0.049797,0.03169,0,0.679287,0.03169,0.163569,0.125453,0,0.658781,0.317153,0.02171,0.002356,0,.,.,.,.,.,.,.790521,.209479,0,0,0,0.252852,0,0,0,0,0.747148,0.028586,0,0,0,0.971414,6,5.312331,1,186,3501288
21,1,0,.763502,0,.236498,0,.,.,.,.,.,.,0.522484,0.340883,0,0,0.136633,1,0,0,0,0,0.068943,0.183145,0,0.747913,0,1,0,0,0.018314,0.054811,0.017573,0.014822,0.89448,0.85944,0.14056,0,0,0,1,0,0,0.39243,0,0,0.60757,.,.,.,.,.,0.792426,0.072231,0.077133,0.058209,0,0.872848,0,0.068943,0.058209,0,0.806809,0.193191,0,0,0,.,.,.,.,.,.,.627751,.372249,0,0,0,0.14568,0.163653,0,0,0,0.690667,0,0,0,0,1,6,3.713676,1,22,592405
21,2,0,.534701,0,.465299,0,.,.,.,.,.,.,0.11787,0.254221,0.185489,0.1389,0.30352,1,0,0,0,0,0.127509,0.330014,0,0.542477,0,0.931238,0.068762,0,0.069184,0.051429,0.015958,0.0205,0.842929,0.653187,0.12032,0.098717,0.127776,0,1,0,0,0.409129,0,0,0.590871,.,.,.,.,.,0.891849,0.033597,0.016934,0.05762,0,0.842531,0.028232,0.053492,0.075744,0,0.760396,0.173449,0,0.066155,0,.,.,.,.,.,.,.655804,.344196,0,0,0,0.125139,0,0,0,0,0.874861,0,0,0,0,1,,,,,
21,0,1,.582389,0,.417611,0,.,.,.,.,.,.,0.35169,0.210072,0.095753,0.022429,0.320055,1,0,0,0,0,0.187584,0.244131,0,0.568285,0,1,0,0,0.056714,0.048514,0.021743,0.018568,0.854461,0.6878,0.07651,0.200274,0.035416,0,0.968625,0.031375,0,0.486367,0,0,0.513633,.,.,.,.,.,0.721973,0.082095,0.098642,0.09729,0,0.621376,0.048032,0.22844,0.102152,0,0.884813,0.113269,0,0.001917,0,.,.,.,.,.,.,.984431,1.5569E-2,0,0,0,0.195544,0,0,0,0,0.804456,0,0.031375,0,0,0.968625,6,4.246483,1,141,3320395
21,1,1,.712869,0,.287131,0,.,.,.,.,.,.,0.548736,0.005896,0,0,0.445368,1,0,0,0,0,0.054205,0.131896,0,0.813899,0,0.994945,0.005055,0,0.053921,0.001864,0.01931,0.025715,0.899191,0.732344,0,0.055602,0.212054,0,1,0,0,0.471488,0,0,0.528512,.,.,.,.,.,0.914894,0.074075,0.001416,0.009615,0,0.599947,0.010886,0.379552,0.009615,0,0.80215,0.19785,0,0,0,.,.,.,.,.,.,1,0,0,0,0,0.135188,0,0,0,0,0.864812,0,0,0,0,1,6,4.598441,1,32,695888
21,2,1,.632637,0,.367363,0,.,.,.,.,.,.,0.239304,0.256633,0.067421,0.031935,0.404706,1,0,0,0,0,0.233089,0.217907,0,0.549003,0,0.975665,0.024335,0,0.044683,0.03333,0.020617,0.016373,0.884997,0.626066,0.070521,0.077337,0.226076,0,0.954755,0.045245,0,0.505366,0,0,0.494634,.,.,.,.,.,0.898682,0.030765,0.019757,0.050797,0,0.582786,0.044389,0.32036,0.052465,0,0.770866,0.200317,0,0.028817,0,.,.,.,.,.,.,.754345,.245655,0,0,0,0.303749,0,0,0,0,0.696251,0.04203,0.003215,0,0,0.954755,,,,,
22,0,0,,,,,,,,,,,,,,,,,,,,,,,,,,,,,,,,,,,,,,,,,,,,,,,,,,,,,,,,,,,,,,,,,,,,,,,,,,,,,,,,,,,,,,,,7,5.125252,1,191,3726646
22,1,0,,,,,,,,,,,,,,,,,,,,,,,,,,,,,,,,,,,,,,,,,,,,,,,,,,,,,,,,,,,,,,,,,,,,,,,,,,,,,,,,,,,,,,,,7,5.640538,1,36,638237
22,0,1,,,,,,,,,,,,,,,,,,,,,,,,,,,,,,,,,,,,,,,,,,,,,,,,,,,,,,,,,,,,,,,,,,,,,,,,,,,,,,,,,,,,,,,,7,5.53462,1,197,3559413
22,1,1,,,,,,,,,,,,,,,,,,,,,,,,,,,,,,,,,,,,,,,,,,,,,,,,,,,,,,,,,,,,,,,,,,,,,,,,,,,,,,,,,,,,,,,,7,4.909548,1,36,733265
27,0,0,.126992,.377198,.49581,0,8.9076000000000002E-2,5.7179000000000001E-2,.363994,.195688,.294063,0,0,0,0,0,1,0,.187547,.275647,.285683,.251123,0,0,0,0,1,0.99014,0.00986,0,0,0,0,0,1,0,0,0,0,1,0.985229,0.00505,0.009721,0,0,0,1,0,0,9.7002000000000005E-2,.891416,1.1582E-2,0,0,0,0,1,0,0,0,0,1,0,0,0,0,1,0,0,0,9.6575999999999995E-2,.891842,1.1582E-2,0,6.6264000000000003E-2,.109884,.274035,.549818,0,0.052458,0.165581,0.244274,0.516046,0.02164,0,0,0,0,1,0,7.003575,2,182,2598673
27,1,0,6.3707E-2,.41744,.518854,0,4.0814000000000003E-2,6.4295000000000005E-2,.324701,.406209,.163982,0,0,0,0,0,1,0,.119151,.307184,.236277,.337387,0,0,0,0,1,0.990854,0.009146,0,0,0,0,0,1,0,0,0,0,1,1,0,0,0,0,0,1,0,0,.231342,.710725,5.7932999999999998E-2,0,0,0,0,1,0,0,0,0,1,0,0,0,0,1,0,0,0,7.5180000000000004E-3,.934549,5.7932999999999998E-2,0,2.8566999999999999E-2,.125679,.331943,.513811,0,0.038632,0.131444,0.354203,0.467551,0.00817,0,0,0,0,1,0,9.436596,2,24,254329
27,2,0,3.2271000000000001E-2,.269852,.697877,0,0,.11484,5.2065E-2,.833095,0,0,0,0,0,0,1,0,0,.542387,.269852,.187761,0,0,0,0,1,1,0,0,0,0,0,0,1,0,0,0,0,1,1,0,0,0,0,0,1,0,0,4.2495999999999999E-2,.957504,0,0,0,0,0,1,0,0,0,0,1,0,0,0,0,1,0,0,0,.542387,.457613,0,0,0,3.2271000000000001E-2,4.2495999999999999E-2,.925233,0,0,0.574658,0.303749,0.121593,0,0,0,0,0,1,,,,,
27,0,1,6.5931000000000003E-2,.404532,.529537,0,.231483,.167078,.392203,.120281,8.3547999999999997E-2,5.4079999999999996E-3,0,0,0,0,1,0,.28086,.266934,.247239,.204967,0,0,0,0,1,0.990599,0.009401,0,0,0,0,0,1,0,0,0,0,1,0.90907,0.056241,0.034689,0,0,0,1,0,3.0140000000000002E-3,6.2651999999999999E-2,.923137,1.1197E-2,0,0,0,0,1,0,0,0,0,1,0,0,0,0,1,0,4.0569999999999998E-3,0,.154728,.832566,8.6490000000000004E-3,0,.293168,.289278,.256099,.161455,0.001554,0.239684,0.318209,0.250138,0.18773,0.002685,0,0,0,0,1,0,6.539744,2,170,2599490
27,1,1,.202072,.387965,.409963,0,.255954,.122177,.327971,.2331,6.0796999999999997E-2,0,0,0,0,0,1,0,.289817,.169022,.285504,.255658,0,0,0,0,1,0.994746,0.005254,0,0,0,0,0,1,0,0,0,0,1,0.945186,0.036013,0.018801,0,0,0,1,0,8.2880000000000002E-3,.117441,.84154,3.2731000000000003E-2,0,0,0,0,1,0,0,0,0,1,0,0,0,0,1,0,0,0,.238161,.728844,3.2994999999999997E-2,0,.397704,.185182,.262557,.154556,0,0.364145,0.311342,0.203236,0.112613,0.008664,0,0,0,0,1,0,9.504735,2,28,294590
27,2,1,6.1238000000000001E-2,.532639,.406124,0,.490829,.233636,.275534,0,0,0,0,0,0,0,1,0,.212219,.134579,.464731,.188471,0,0,0,0,1,1,0,0,0,0,0,0,1,0,0,0,0,1,0.862848,0.137152,0,0,0,0,1,0,0,7.5065999999999994E-2,.924934,0,0,0,0,0,1,0,0,0,0,1,0,0,0,0,1,0,0,0,.206167,.793833,0,0,.422195,.142126,0,.435679,0,0.1311,0.468368,0.218213,0.182319,0,0,0,0,0,1,,,,,
28,0,0,.12895,.705424,.165626,0,.265769,.244067,.370387,.119777,0,0,0,0,0,0,1,.,.,.,.,.,0.240525,0.453524,0.305951,0,0,1,0,0,0,0,0,0,1,0,0,0,0,1,0.98399,0,0.01601,0,0,0,1,0,1.2447E-2,.111167,.876386,0,0,0,0,0,1,0,0,0,0,1,0,0,0,0,1,0,1.0211E-2,0,.386945,.600858,1.9859999999999999E-3,0,8.5960999999999996E-2,.173131,.249993,.490915,0.00129,0.083401,0.190257,0.257882,0.467169,0,0,0,0,0,1,1,5.79359,2,184,3175924
28,1,0,.255875,.564872,.179253,0,.319369,.183238,.291397,.205995,0,0,0,0,0,0,1,.,.,.,.,.,0.114453,0.604641,0.280906,0,0,0.972373,0.027627,0,0,0,0,0,1,0,0,0,0,1,0.988063,0,0.011937,0,0,0,1,0,0,.190433,.809567,0,0,0,0,0,1,0,0,0,0,1,0,0,0,0,1,1.8811000000000001E-2,3.6524000000000001E-2,0,.353447,.591218,0,0,9.8533999999999997E-2,.289695,.205899,.405872,0,0.215008,0.178427,0.260642,0.345923,0,0,0,0,0,1,1,6.408183,2,21,327706
28,2,0,.361491,.56264,7.5869000000000006E-2,0,.402688,.231377,.318296,4.7639000000000001E-2,0,0,0,0,0,0,1,.,.,.,.,.,0.30641,0.432276,0.261314,0,0,1,0,0,0,0,0,0,1,0,0,0,0,1,0.923745,0,0.076255,0,0,0,1,0,0,6.6340999999999997E-2,.933659,0,0,0,0,0,1,0,0,0,0,1,0,0,0,0,1,0,0,0,.392724,.607276,0,0,0,0,.467067,.532933,0,0.381399,0.082576,0.320398,0.215627,0,0,0,0,0,1,,,,,
28,0,1,.178768,.701675,.119557,0,.671696,.160708,.131131,3.6464000000000003E-2,0,0,0,0,0,0,1,.,.,.,.,.,0.167422,0.409688,0.42289,0,0,0.983243,0.016757,0,0,0,0,0,1,0,0,0,0,1,0.930114,0,0.069886,0,0,0,1,2.5530000000000001E-3,1.8550000000000001E-3,.120776,.873453,1.3630000000000001E-3,0,0,0,0,1,0,0,0,0,1,0,0,0,0,1,7.352E-3,9.4649999999999995E-3,0,.476379,.506804,0,1.993E-3,.322552,.302279,.249873,.123303,0.001993,0.272777,0.303696,0.283566,0.137967,0,0,0,0,0,1,1,6.210822,2,196,3155782
28,1,1,.283787,.657254,5.8958999999999998E-2,0,.497138,6.6483E-2,.373026,6.3353000000000007E-2,0,0,0,0,0,0,1,.,.,.,.,.,0.139097,0.368226,0.492677,0,0,1,0,0,0,0,0,0,1,0,0,0,0,1,0.882619,0,0.117381,0,0,0,1,0,0,.158229,.841771,0,0,0,0,0,1,0,0,0,0,1,0,0,0,0,1,0,3.4526000000000001E-2,0,.493928,.471546,0,0,.444273,.240326,.256025,5.9375999999999998E-2,0,0.540204,0.259644,0.123809,0.076344,0,0,0,0,0,1,1,9.832293,2,37,376311
28,2,1,.301793,.633082,6.5124000000000001E-2,0,.660047,.231749,.108204,0,0,0,0,0,0,0,1,.,.,.,.,.,0.092434,0.297338,0.610228,0,0,1,0,0,0,0,0,0,1,0,0,0,0,1,0.907566,0,0.092434,0,0,0,1,0,0,.131715,.868285,0,0,0,0,0,1,0,0,0,0,1,0,0,0,0,1,0,0,0,.509869,.490131,0,0,.255492,.100379,.38218,.261949,0,0.260426,0.257374,0.092427,0.389772,0,0,0,0,0,1,,,,,
29,0,0,,,,,,,,,,,,,,,,,,,,,,,,,,,,,,,,,,,,,,,,,,,,,,,,,,,,,,,,,,,,,,,,,,,,,,,,,,,,,,,,,,,,,,,,2,5.620866,2,212,3771661
29,1,0,,,,,,,,,,,,,,,,,,,,,,,,,,,,,,,,,,,,,,,,,,,,,,,,,,,,,,,,,,,,,,,,,,,,,,,,,,,,,,,,,,,,,,,,2,10.25213,2,45,438933
29,0,1,,,,,,,,,,,,,,,,,,,,,,,,,,,,,,,,,,,,,,,,,,,,,,,,,,,,,,,,,,,,,,,,,,,,,,,,,,,,,,,,,,,,,,,,2,4.97677,2,186,3737364
29,1,1,,,,,,,,,,,,,,,,,,,,,,,,,,,,,,,,,,,,,,,,,,,,,,,,,,,,,,,,,,,,,,,,,,,,,,,,,,,,,,,,,,,,,,,,2,10.55232,2,54,511736
30,0,0,.,.,.,.,.349931,.634864,1.5205E-2,0,0,0,0,0,0,0,1,.,.,.,.,.,0.227181,0.378896,0,0.393923,0,0.99624,0.00376,0,0,0,0,0,1,0,0,0,0,1,0.965715,0.034285,0,0,0,0,1,.104302,.241485,.455842,.19837,0,0,0,0,0,1,0,0,0,0,1,0.609143,0.390857,0,0,0,.178718,.267114,.287512,.138429,.128226,0,.,.,.,.,.,0,0,0,0,0,1,0.022244,0.012041,0,0.965715,0,3,5.829997,2,246,4219556
30,1,0,.,.,.,.,.399861,.57688,2.3259999999999999E-2,0,0,0,0,0,0,0,1,.,.,.,.,.,0.208907,0.435205,0,0.355888,0,0.994472,0.005528,0,0,0,0,0,1,0,0,0,0,1,0.995938,0.004062,0,0,0,0,1,.211664,.25436,.38976,.144216,0,0,0,0,0,1,0,0,0,0,1,0.505833,0.488849,0.005318,0,0,.206003,.211724,.225323,.197784,.159165,0,.,.,.,.,.,0,0,0,0,0,1,0,0.004062,0,0.995938,0,3,10.5283,2,57,541398
30,2,0,.,.,.,.,.300507,.693719,5.7739999999999996E-3,0,0,0,0,0,0,0,1,.,.,.,.,.,0.266058,0.672997,0,0.060945,0,1,0,0,0,0,0,0,1,0,0,0,0,1,0.992755,0.007245,0,0,0,0,1,.158339,7.1808999999999998E-2,.371856,.397996,0,0,0,0,0,1,0,0,0,0,1,0.525406,0.474594,0,0,0,.282472,.126989,.157175,.155694,.27767,0,.,.,.,.,.,0,0,0,0,0,1,0,0.007245,0,0.992755,0,,,,,
30,0,1,.,.,.,.,.684845,.315155,0,0,0,0,0,0,0,0,1,.,.,.,.,.,0.183461,0.294954,0,0.521586,0,0.982638,0.017362,0,0,0,0,0,1,0,0,0,0,1,0.932043,0.067957,0,0,0,0,1,.115524,.218611,.432361,.233503,0,0,0,0,0,1,0,0,0,0,1,0.646805,0.353195,0,0,0,.220457,.323642,.274841,.106739,7.4320999999999998E-2,0,.,.,.,.,.,0,0,0,0,0,1,0.026829,0.040786,0.000341,0.932043,0,3,5.497891,2,228,4147045
30,1,1,.,.,.,.,.668725,.331275,0,0,0,0,0,0,0,0,1,.,.,.,.,.,0.080737,0.396268,0,0.522995,0,0.959669,0.040331,0,0,0,0,0,1,0,0,0,0,1,0.992279,0.007721,0,0,0,0,1,.280574,.143485,.366699,.209242,0,0,0,0,0,1,0,0,0,0,1,0.483195,0.51419,0.002615,0,0,.263791,.248846,.225177,.152277,.10991,0,.,.,.,.,.,0,0,0,0,0,1,0.002863,0.004858,0,0.992279,0,3,9.313334,2,58,622763
30,2,1,.,.,.,.,.794852,.205148,0,0,0,0,0,0,0,0,1,.,.,.,.,.,0.315307,0.163174,0,0.521518,0,0.929087,0.070913,0,0,0,0,0,1,0,0,0,0,1,0.99607,0.00393,0,0,0,0,1,.180013,1.8395999999999999E-2,.650091,.1515,0,0,0,0,0,1,0,0,0,0,1,0.752034,0.247966,0,0,0,.288219,1.04E-2,.526812,9.9783999999999998E-2,7.4785000000000004E-2,0,.,.,.,.,.,0,0,0,0,0,1,0,0.00393,0,0.99607,0,,,,,
31,0,0,.,.,.,.,.223169,.7585,1.8331E-2,0,0,0,0,0,0,0,1,.,.,.,.,.,0.153882,0.367493,0,0.478625,0,0.989665,0.010335,0,0,0,0,0,1,0,0,0,0,1,0.996028,0.003972,0,0,0,0,1,.200498,.22099,.442036,.136476,0,0,0,0,0,1,0,0,0,0,1,0.601105,0.398314,0.000581,0,0,.174427,.292882,.290153,.14257,9.9968000000000001E-2,0,.,.,.,.,.,0,0,0,0,0,1,0,0.003972,0,0.996028,0,4,6.667732,2,295,4424293
31,1,0,.,.,.,.,.30201,.681294,1.6695999999999999E-2,0,0,0,0,0,0,0,1,.,.,.,.,.,0.174564,0.348202,0,0.477235,0,0.99228,0.00772,0,0,0,0,0,1,0,0,0,0,1,1,0,0,0,0,0,1,.248306,.236708,.360467,.154519,0,0,0,0,0,1,0,0,0,0,1,0.519433,0.471582,0.008985,0,0,.287457,.197697,.241938,.149851,.123057,0,.,.,.,.,.,0,0,0,0,0,1,0,0,0,1,0,4,7.466442,2,46,616090
31,2,0,.,.,.,.,.661473,.338527,0,0,0,0,0,0,0,0,1,.,.,.,.,.,0.149157,0.303265,0,0.547578,0,1,0,0,0,0,0,0,1,0,0,0,0,1,1,0,0,0,0,0,1,.360853,.168527,.443766,2.6855E-2,0,0,0,0,0,1,0,0,0,0,1,0.697225,0.302775,0,0,0,.128616,.104778,.380833,5.1000000000000004E-3,.380673,0,.,.,.,.,.,0,0,0,0,0,1,0,0,0,1,0,,,,,
31,0,1,.,.,.,.,.624382,.373181,2.4369999999999999E-3,0,0,0,0,0,0,0,1,.,.,.,.,.,0.164422,0.318649,0,0.51693,0,0.971386,0.021971,0.006644,0,0,0,0,1,0,0,0,0,1,0.995844,0.004156,0,0,0,0,1,.227627,.186339,.42323,.162804,0,0,0,0,0,1,0,0,0,0,1,0.664605,0.335395,0,0,0,.191553,.310346,.318177,.117528,6.2397000000000001E-2,0,.,.,.,.,.,0,0,0,0,0,1,0.001815,0.002341,0,0.995844,0,4,5.921414,2,255,4306404
31,1,1,.,.,.,.,.71085,.28915,0,0,0,0,0,0,0,0,1,.,.,.,.,.,0.076241,0.338011,0,0.585748,0,0.952291,0.047709,0,0,0,0,0,1,0,0,0,0,1,0.990544,0.009456,0,0,0,0,1,.381508,.166917,.320075,.1315,0,0,0,0,0,1,0,0,0,0,1,0.588288,0.402518,0.009193,0,0,.251891,.286889,.320957,7.7033000000000004E-2,6.3230999999999996E-2,0,.,.,.,.,.,0,0,0,0,0,1,0,0.009456,0,0.990544,0,4,8.144917,2,57,699823
31,2,1,.,.,.,.,.616388,.383612,0,0,0,0,0,0,0,0,1,.,.,.,.,.,0.111373,0,0,0.888627,0,0.821007,0.178993,0,0,0,0,0,1,0,0,0,0,1,0.821007,0.178993,0,0,0,0,1,.148493,9.4450000000000003E-3,.22246,.619602,0,0,0,0,0,1,0,0,0,0,1,0.892906,0.107094,0,0,0,.277456,1.1022000000000001E-2,.197857,.217131,.296535,0,.,.,.,.,.,0,0,0,0,0,1,0,0.178993,0,0.821007,0,,,,,
32,0,0,.675127,0,.324873,0,.,.,.,.,.,.,0.325658,0.287896,0.146632,0.001937,0.237877,1,0,0,0,0,0.225482,0.287048,0,0.48747,0,1,0,0,0.056958,0.03944,0.009286,0.02328,0.871035,0.634005,0.205394,0.160601,0,0,1,0,0,0.349887,0,0.037337,0.612777,.,.,.,.,.,0.87934,0.036633,0.084027,0,0,0.749833,0.030417,0.113738,0.106012,0,0.756449,0.243551,0,0,0,.,.,.,.,.,.,1,0,0,0,0,0.231578,0,0,0,0,0.768422,0,0,0,0,1,5,8.14329,2,329,4040136
32,1,0,.472636,0,.527364,0,.,.,.,.,.,.,0.323015,0.094208,0.148551,0,0.434226,1,0,0,0,0,0.110929,0.368324,0,0.520747,0,1,0,0,0.05435,0.061507,0.023703,0.02733,0.833111,0.545829,0.086961,0.004627,0.362583,0,1,0,0,0.407672,0,0,0.592328,.,.,.,.,.,0.829943,0.059128,0.110929,0,0,0.532009,0.148051,0.174587,0.145352,0,0.55135,0.44865,0,0,0,.,.,.,.,.,.,.81359,.18641,0,0,0,0.35771,0,0,0,0,0.64229,0,0,0,0,1,5,10.74027,2,68,633131
32,2,0,.733666,0,.266334,0,.,.,.,.,.,.,0.263934,0.064445,0.292196,0.051422,0.328003,1,0,0,0,0,0.085326,0.332386,0,0.582288,0,1,0,0,0.052233,0.081645,0.019849,0.024369,0.821904,0.510987,0.216828,0.134615,0.13757,0,1,0,0,0.503959,0,0,,.,.,.,.,.,0.746066,0.116096,0,0.137838,0,0.581884,0.154182,0.170307,0.093628,0,0.830261,0.169739,0,0,0,.,.,.,.,.,.,.833546,.166454,0,0,0,0.254062,0,0,0,0,0.745938,0,0,0,0,1,,,,,
32,0,1,.475455,0,.524545,0,.,.,.,.,.,.,0.526233,0.134438,0,0.002938,0.336391,1,0,0,0,0,0.237796,0.167348,0,0.594856,0,0.965958,0.034042,0,0.037681,0.043674,0.01765,0.023636,0.877359,0.654458,0.107044,0.079127,0.159371,0,0.954237,0.045763,0,0.255005,0,0,0.744995,.,.,.,.,.,0.868411,0.054078,0.077511,0,0,0.670954,0,0.22543,0.103616,0,0.892989,0.107011,0,0,0,.,.,.,.,.,.,1,0,0,0,0,0.06236,0,0,0,0,0.93764,0.002938,0.042825,0,0,0.954237,5,6.298071,2,245,3890080
32,1,1,.669675,0,.330325,0,.,.,.,.,.,.,0.558933,0.034838,0,0,0.406229,1,0,0,0,0,0.040459,0.266288,0,0.693253,0,0.847948,0.152052,0,0.050265,0.043307,0.0312,0.023482,0.851746,0.676798,0.047646,0.011441,0.264115,0,0.936886,0.063114,0,0.493166,0,0,0.506834,.,.,.,.,.,0.890887,0.054226,0.054887,0,0,0.542378,0.066119,0.382533,0.00897,0,0.644693,0.355307,0,0,0,.,.,.,.,.,.,.721289,.278711,0,0,0,0.195824,0,0,0,0,0.804176,0,0.063114,0,0,0.936886,5,8.811312,2,63,714990
32,2,1,.663069,0,.336931,0,.,.,.,.,.,.,0.451763,0.051557,0.022278,0,0.474402,1,0,0,0,0,0.305378,0.029369,0,0.665254,0,1,0,0,0.033857,0.023402,0.014584,0.00429,0.923867,0.740465,0,0.020729,0.238807,0,0.975083,0.024917,0,0.566442,0,0,0.433558,.,.,.,.,.,0.809443,0.081098,0,0.109459,0,0.909858,0.022069,0.043144,0.024929,0,0.993833,0.006167,0,0,0,.,.,.,.,.,.,1,0,0,0,0,0.3461,0,0,0,0,0.6539,0.024917,0,0,0,0.975083,,,,,
33,0,0,.503612,0,.496388,0,.,.,.,.,.,.,0.355203,0.316155,0.089295,0.043481,0.195865,1,0,0,0,0,0.073848,0.382348,0,0.543804,0,0.937524,0.062476,0,0.058315,0.060001,0.016113,0.021879,0.843692,0.6738,0.242382,0.030975,0.052843,0,0.964233,0.035767,0,0.567053,0,0,0.432947,.,.,.,.,.,0.819357,0.060295,0.075968,0.04438,0,0.74681,0.028632,0.153392,0.071165,0,0.738324,0.261676,0,0,0,.,.,.,.,.,.,.803966,.196034,0,0,0,0.17868,0,0,0,0,0.82132,0,0.035767,0,0,0.964233,6,8.941862,2,334,3735240
33,1,0,.519,0,.481,0,.,.,.,.,.,.,0.52988,0,0.055657,0.056476,0.357987,1,0,0,0,0,0.004234,0.275623,0,0.720144,0,1,0,0,0.061091,0.048933,0.021953,0.013776,0.854247,0.543231,0.291428,0.052717,0.112625,0,1,0,0,0.541288,0,0,0.458712,.,.,.,.,.,0.897541,0,0.045983,0.056476,0,0.862506,0,0.133261,0.004234,0,0.706993,0.293007,0,0,0,.,.,.,.,.,.,.887501,.112499,0,0,0,0.18103,0.056476,0,0,0,0.762494,0,0,0,0,1,6,10.42081,2,66,633348
33,2,0,.705754,0,.294246,0,.,.,.,.,.,.,0.233683,0.239861,0.147276,0.248132,0.131049,1,0,0,0,0,0.113535,0.329215,0,0.55725,0,1,0,0,0.099466,0.027116,0.020542,0.015044,0.837832,0.582823,0.324155,0,0.093022,0,1,0,0,0.425137,0,0,0.574863,.,.,.,.,.,0.923978,0.03055,0.045472,0,0,0.822017,0,0.113376,0.064607,0,0.757171,0.242829,0,0,0,.,.,.,.,.,.,.748369,.251631,0,0,0,0.206263,0,0,0,0,0.793737,0,0,0,0,1,,,,,
33,0,1,.716012,0,.283988,0,.,.,.,.,.,.,0.397162,0.122387,0.07916,0.025333,0.375958,.96711,0,0,3.2890000000000003E-2,0,0.254502,0.325619,0,0.419879,0,1,0,0,0.053622,0.047922,0.015761,0.021636,0.861058,0.579958,0.174469,0.062743,0.18283,0,0.889729,0.110271,0,0.408747,0,0,0.591253,.,.,.,.,.,0.940293,0,0.054506,0.005202,0,0.599401,0.048353,0.280403,0.071843,0,0.670503,0.306424,0,0.023073,0,.,.,.,.,.,.,.999125,8.7500000000000002E-4,0,0,0,0.289567,0,0,0,0,0.710433,0.025488,0.084783,0,0,0.889729,6,7.894423,2,283,3584809
33,1,1,.597279,0,.402721,0,.,.,.,.,.,.,0.492855,0.171881,0.074444,0,0.26082,.933572,6.6428000000000001E-2,0,0,0,0.120074,0.173382,0,0.706543,0,0.996958,0.003042,0,0.064734,0.050667,0.011514,0.007516,0.865568,0.776977,0.074989,0.03346,0.114574,0,1,0,0,0.340622,0.020715,0,0.638663,.,.,.,.,.,0.771952,0.12996,0.064627,0.03346,0,0.526552,0.033848,0.32775,0.11185,0,0.870734,0.129266,0,0,0,.,.,.,.,.,.,1,0,0,0,0,0.182834,0,0,0,0,0.817166,0,0,0,0,1,6,7.783228,2,57,732344
33,2,1,.684179,0,.315821,0,.,.,.,.,.,.,0.399037,0.033844,0.020549,0,0.546569,1,0,0,0,0,0.019413,0.26579,0,0.714798,0,0.983666,0.016334,0,0.057785,0.041295,0.012895,0.03169,0.856334,0.482172,0.020549,0.098587,0.398691,0,0.910709,0.089291,0,0.366511,0,0,0.633489,.,.,.,.,.,0.922069,0.023859,0.024884,0.029187,0,0.601908,0.005057,0.222687,0.170348,0,0.752342,0.247658,0,0,0,.,.,.,.,.,.,.722742,.277258,0,0,0,0.091957,0,0,0,0,0.908043,0.089291,0,0,0,0.910709,,,,,
34,0,0,,,,,,,,,,,,,,,,,,,,,,,,,,,,,,,,,,,,,,,,,,,,,,,,,,,,,,,,,,,,,,,,,,,,,,,,,,,,,,,,,,,,,,,,7,10.15079,2,351,3457859
34,1,0,,,,,,,,,,,,,,,,,,,,,,,,,,,,,,,,,,,,,,,,,,,,,,,,,,,,,,,,,,,,,,,,,,,,,,,,,,,,,,,,,,,,,,,,7,11.19566,2,68,607378
34,0,1,,,,,,,,,,,,,,,,,,,,,,,,,,,,,,,,,,,,,,,,,,,,,,,,,,,,,,,,,,,,,,,,,,,,,,,,,,,,,,,,,,,,,,,,7,9.051464,2,301,3325429
34,1,1,,,,,,,,,,,,,,,,,,,,,,,,,,,,,,,,,,,,,,,,,,,,,,,,,,,,,,,,,,,,,,,,,,,,,,,,,,,,,,,,,,,,,,,,7,8.598525,2,61,709424
39,0,0,7.9941999999999999E-2,.362614,.557444,0,9.8783999999999997E-2,8.9099999999999999E-2,.341279,.197251,.273586,0,0,0,0,0,1,0,.193874,.219295,.237799,.349033,0,0,0,0,1,0.992697,0.007303,0,0,0,0,0,1,0,0,0,0,1,0.985537,0.010827,0.003636,0,0,0,1,9.859999999999999E-4,6.3090000000000004E-3,6.9684999999999997E-2,.918172,4.8469999999999997E-3,0,0,0,0,1,0,0,0,0,1,0,0,0,0,1,0,0,0,9.0675000000000006E-2,.904478,4.8469999999999997E-3,0,5.0194999999999997E-2,.121745,.276646,.551414,0,0.079505,0.169879,0.241668,0.495271,0.013677,0,0,0,0,1,0,14.19296,3,323,2275776
39,1,0,3.9444E-2,.223604,.736952,0,.177601,3.4789E-2,.41118,.341573,3.4855999999999998E-2,0,0,0,0,0,1,0,.133977,5.6786000000000003E-2,.277723,.531515,0,0,0,0,1,1,0,0,0,0,0,0,1,0,0,0,0,1,1,0,0,0,0,0,1,0,1.6752E-2,.203621,.779626,0,0,0,0,0,1,0,0,0,0,1,0,0,0,0,1,0,0,0,9.4993999999999995E-2,.905006,0,0,6.5433000000000005E-2,.281518,.231642,.421407,0,0.091203,0.089335,0.292713,0.526749,0,0,0,0,0,1,0,16.0692,3,36,224031
39,2,0,.309966,.643966,4.6066999999999997E-2,0,0,0,.918739,8.1261E-2,0,0,0,0,0,0,1,0,8.8524000000000005E-2,.58679,.289625,3.5061000000000002E-2,0,0,0,0,1,1,0,0,0,0,0,0,1,0,0,0,0,1,1,0,0,0,0,0,1,0,0,0,1,0,0,0,0,0,1,0,0,0,0,1,0,0,0,0,1,0,0,0,3.5061000000000002E-2,.964939,0,0,4.6066999999999997E-2,3.5061000000000002E-2,.31928,.599592,0,0.088524,0.324686,0,0.58679,0,0,0,0,0,1,,,,,
39,0,1,7.2717000000000004E-2,.44415,.479473,3.6589999999999999E-3,.199609,.125182,.423817,.123168,.128224,0,0,0,0,0,1,0,.26546,.256987,.274599,.202954,0,0,0,0,1,0.980401,0.019599,0,0,0,0,0,1,0,0,0,0,1,0.874409,0.081613,0.043978,0,0,0,1,4.5800000000000002E-4,6.0700000000000001E-4,5.0733E-2,.945375,2.8270000000000001E-3,0,0,0,0,1,0,0,0,0,1,0,0,0,0,1,2.7330000000000002E-3,3.0109999999999998E-3,0,.118939,.87249,2.8270000000000001E-3,0,.26863,.314211,.237945,.179214,0,0.260068,0.300729,0.283243,0.149177,0.006783,0,0,0,0,1,0,14.12579,3,325,2300756
39,1,1,4.5492999999999999E-2,.406419,.548089,0,.186084,.131703,.386696,.16145,.12903,5.0369999999999998E-3,0,0,0,0,1,0,.262584,.327771,.228903,.180742,0,0,0,0,1,0.989099,0.010901,0,0,0,0,0,1,0,0,0,0,1,0.926976,0.058708,0.014317,0,0,0,1,0,1.8929999999999999E-3,9.9051E-2,.847458,5.1597999999999998E-2,0,0,0,0,1,0,0,0,0,1,0,0,0,0,1,0,0,0,.147249,.805485,4.7266000000000002E-2,0,.480866,.301965,.113753,.103415,0,0.455513,0.282328,0.206208,0.055951,0,0,0,0,0,1,0,15.52343,3,40,257675
39,2,1,8.3379999999999996E-2,.504611,.412009,0,.263224,.234145,.380645,.121987,0,0,0,0,0,0,1,0,.269041,.537128,0,.19383,0,0,0,0,1,1,0,0,0,0,0,0,1,0,0,0,0,1,1,0,0,0,0,0,1,0,0,.272539,.727461,0,0,0,0,0,1,0,0,0,0,1,0,0,0,0,1,0,0,0,.432581,.567419,0,0,.303824,8.3379999999999996E-2,.371899,.240897,0,0.408332,0.314418,0.127047,0.150203,0,0,0,0,0,1,,,,,
40,0,0,.165926,.695197,.138877,0,.338046,.200724,.302235,.154963,0,4.0309999999999999E-3,0,0,0,0,1,.,.,.,.,.,0.307463,0.436232,0.256306,0,0,0.98853,0.01147,0,0,0,0,0,1,0,0,0,0,1,0.981737,0,0.018263,0,0,0,1,0,5.7520000000000002E-3,.123271,.864267,6.7099999999999998E-3,0,0,0,0,1,0,0,0,0,1,0,0,0,0,1,0,0,0,.420528,.577148,2.323E-3,3.447E-3,8.2489000000000007E-2,.189948,.265503,.458613,0.003447,0.070363,0.149301,0.321349,0.45554,0,0,0,0,0,1,1,12.89395,3,324,2512806
40,1,0,.469571,.510947,1.9481999999999999E-2,0,.341737,8.5518999999999998E-2,.475013,9.7730999999999998E-2,0,0,0,0,0,0,1,.,.,.,.,.,0.252105,0.481244,0.266651,0,0,1,0,0,0,0,0,0,1,0,0,0,0,1,1,0,0,0,0,0,1,0,0,.109628,.890372,0,0,0,0,0,1,0,0,0,0,1,0,0,0,0,1,5.7926999999999999E-2,0,0,.600745,.341328,0,0,6.2134000000000002E-2,.326652,.151026,.460188,0,0.218074,0.168939,0.222424,0.390563,0,0,0,0,0,1,1,21.008,3,55,261805
40,2,0,.231848,.641351,.1268,0,.551074,.119593,.136668,.192665,0,0,0,0,0,0,1,.,.,.,.,.,0.256631,0.351023,0.392346,0,0,1,0,0,0,0,0,0,1,0,0,0,0,1,1,0,0,0,0,0,1,0,0,.560427,.439573,0,0,0,0,0,1,0,0,0,0,1,0,0,0,0,1,0,.119593,0,.391591,.488816,0,0,.231848,.202533,.308864,.256755,0,0.112256,0.516506,0.322496,0.048742,0,0,0,0,0,1,,,,,
40,0,1,.219638,.663633,.11673,0,.718565,.156553,9.8763000000000004E-2,2.6119E-2,0,0,0,0,0,0,1,.,.,.,.,.,0.170364,0.415182,0.414454,0,0,0.980654,0.019346,0,0,0,0,0,1,0,0,0,0,1,0.927723,0,0.072277,0,0,0,1,2.2490000000000001E-3,0,9.8655000000000007E-2,.899096,0,0,0,0,0,1,0,0,0,0,1,0,0,0,0,1,0,1.6232E-2,0,.452599,.531169,0,0,.349397,.285629,.241226,.123748,0,0.312584,0.300114,0.261734,0.125567,0,0,0,0,0,1,1,12.39096,3,315,2542175
40,1,1,.315034,.452345,.232621,0,.489652,.166598,.232706,7.1350999999999998E-2,0,3.9692999999999999E-2,0,0,0,0,1,.,.,.,.,.,0.101308,0.491784,0.406908,0,0,0.905532,0.094468,0,0,0,0,0,1,0,0,0,0,1,1,0,0,0,0,0,1,0,0,.146005,.80093,5.3064E-2,0,0,0,0,1,0,0,0,0,1,0,0,0,0,1,0,5.0034000000000002E-2,0,.494405,.402496,5.3064E-2,0,.340745,.364263,.194574,.100419,0,0.441782,0.213324,0.22507,0.119823,0,0,0,0,0,1,1,19.27531,3,58,300903
40,2,1,.371261,.267449,.36129,0,.63871,.218202,.143089,0,0,0,0,0,0,0,1,.,.,.,.,.,0.302807,0.508262,0.188931,0,0,1,0,0,0,0,0,0,1,0,0,0,0,1,1,0,0,0,0,0,1,0,0,.299402,.700598,0,0,0,0,0,1,0,0,0,0,1,0,0,0,0,1,0,0,0,.218202,.781798,0,0,.700598,.299402,0,0,0,0.410537,0.371261,0.218202,0,0,0,0,0,0,1,,,,,
41,0,0,,,,,,,,,,,,,,,,,,,,,,,,,,,,,,,,,,,,,,,,,,,,,,,,,,,,,,,,,,,,,,,,,,,,,,,,,,,,,,,,,,,,,,,,2,11.54481,3,362,3135608
41,1,0,,,,,,,,,,,,,,,,,,,,,,,,,,,,,,,,,,,,,,,,,,,,,,,,,,,,,,,,,,,,,,,,,,,,,,,,,,,,,,,,,,,,,,,,2,19.08642,3,64,335317
41,0,1,,,,,,,,,,,,,,,,,,,,,,,,,,,,,,,,,,,,,,,,,,,,,,,,,,,,,,,,,,,,,,,,,,,,,,,,,,,,,,,,,,,,,,,,2,11.45358,3,362,3160584
41,1,1,,,,,,,,,,,,,,,,,,,,,,,,,,,,,,,,,,,,,,,,,,,,,,,,,,,,,,,,,,,,,,,,,,,,,,,,,,,,,,,,,,,,,,,,2,17.22538,3,67,388961
42,0,0,.,.,.,.,.341159,.607459,5.1381000000000003E-2,0,0,0,0,0,0,0,1,.,.,.,.,.,0.253025,0.332794,0,0.414181,0,0.983065,0.016483,0.000452,0,0,0,0,1,0,0,0,0,1,0.999825,0.000175,0,0,0,0,1,.181938,.162018,.464402,.191642,0,0,0,0,0,1,0,0,0,0,1,0.616159,0.37097,0.012871,0,0,.197192,.251457,.361589,.129681,6.0080000000000001E-2,0,.,.,.,.,.,0,0,0,0,0,1,0.000175,0,0,0.999825,0,3,12.09894,3,459,3793720
42,1,0,.,.,.,.,.411782,.570961,1.7257000000000002E-2,0,0,0,0,0,0,0,1,.,.,.,.,.,0.195625,0.486005,0,0.318369,0,0.964622,0.035378,0,0,0,0,0,1,0,0,0,0,1,0.992153,0.007847,0,0,0,0,1,.232568,.197799,.393681,.175953,0,0,0,0,0,1,0,0,0,0,1,0.464632,0.535368,0,0,0,.202205,.201903,.344183,.144737,.106972,0,.,.,.,.,.,0,0,0,0,0,1,0,0.007847,0,0.992153,0,3,19.03628,3,86,451769
42,2,0,.,.,.,.,.112367,.866202,2.1432E-2,0,0,0,0,0,0,0,1,.,.,.,.,.,0.429518,0.341888,0,0.228593,0,1,0,0,0,0,0,0,1,0,0,0,0,1,1,0,0,0,0,0,1,1.4722000000000001E-2,.19844,.579723,.207116,0,0,0,0,0,1,0,0,0,0,1,0.641796,0.358204,0,0,0,.248996,.301565,.19315,.206688,4.9600999999999999E-2,0,.,.,.,.,.,0,0,0,0,0,1,0,0,0,1,0,,,,,
42,0,1,.,.,.,.,.708796,.28821,2.9940000000000001E-3,0,0,0,0,0,0,0,1,.,.,.,.,.,0.222351,0.263588,0,0.514061,0,0.968093,0.031907,0,0,0,0,0,1,0,0,0,0,1,0.94702,0.05298,0,0,0,0,1,.137797,.12485,.466079,.271274,0,0,0,0,0,1,0,0,0,0,1,0.63037,0.360197,0.009433,0,0,.252376,.258086,.292854,.155941,4.0742E-2,0,.,.,.,.,.,0,0,0,0,0,1,0.022263,0.030718,0,0.94702,0,3,11.85051,3,449,3788868
42,1,1,.,.,.,.,.70593,.290856,3.2139999999999998E-3,0,0,0,0,0,0,0,1,.,.,.,.,.,0.085565,0.273642,0,0.640793,0,0.929098,0.070902,0,0,0,0,0,1,0,0,0,0,1,0.975425,0.024575,0,0,0,0,1,.244323,.20242,.371872,.181385,0,0,0,0,0,1,0,0,0,0,1,0.565039,0.434961,0,0,0,.270449,.247254,.219305,.168553,9.4439999999999996E-2,0,.,.,.,.,.,0,0,0,0,0,1,0.001965,0.018244,0.004366,0.975425,0,3,17.17892,3,90,523898
42,2,1,.,.,.,.,.862503,.137497,0,0,0,0,0,0,0,0,1,.,.,.,.,.,0.031452,0.253664,0,0.714883,0,0.832516,0.167484,0,0,0,0,0,1,0,0,0,0,1,1,0,0,0,0,0,1,.265231,4.8966000000000003E-2,.590527,9.5276E-2,0,0,0,0,0,1,0,0,0,0,1,0.580918,0.419082,0,0,0,3.8868E-2,.171278,.325913,.142187,.321755,0,.,.,.,.,.,0,0,0,0,0,1,0,0,0,1,0,,,,,
43,0,0,.,.,.,.,.362107,.623577,1.4316000000000001E-2,0,0,0,0,0,0,0,1,.,.,.,.,.,0.228632,0.391662,0,0.379706,0,0.945966,0.053596,0.000437,0,0,0,0,1,0,0,0,0,1,0.987977,0.012023,0,0,0,0,1,.18825,.141767,.49834,.171644,0,0,0,0,0,1,0,0,0,0,1,0.610498,0.389502,0,0,0,.108723,.270188,.32724,.150034,.143816,0,.,.,.,.,.,0,0,0,0,0,1,0.012023,0,0,0.987977,0,4,13.4346,3,558,4153454
43,1,0,.,.,.,.,.320892,.673149,5.96E-3,0,0,0,0,0,0,0,1,.,.,.,.,.,0.176056,0.586094,0,0.23785,0,0.97746,0.02254,0,0,0,0,0,1,0,0,0,0,1,0.978984,0.021016,0,0,0,0,1,.317689,.224151,.358518,9.9642999999999995E-2,0,0,0,0,0,1,0,0,0,0,1,0.390247,0.609753,0,0,0,.210185,.201106,.193468,.224066,.171175,0,.,.,.,.,.,0,0,0,0,0,1,0.021016,0,0,0.978984,0,4,18.32115,3,99,540359
43,2,0,.,.,.,.,.401635,.5866,1.1764999999999999E-2,0,0,0,0,0,0,0,1,.,.,.,.,.,0.246888,0.191061,0,0.562051,0,1,0,0,0,0,0,0,1,0,0,0,0,1,1,0,0,0,0,0,1,.496043,2.6598E-2,9.1067999999999996E-2,.386291,0,0,0,0,0,1,0,0,0,0,1,0.799847,0.200153,0,0,0,.22029,.451177,0,.205894,.122639,0,.,.,.,.,.,0,0,0,0,0,1,0,0,0,1,0,,,,,
43,0,1,.,.,.,.,.712449,.285646,1.905E-3,0,0,0,0,0,0,0,1,.,.,.,.,.,0.177769,0.305507,0,0.516724,0,0.94018,0.055393,0.004426,0,0,0,0,1,0,0,0,0,1,0.94349,0.05651,0,0,0,0,1,.100275,.209166,.447995,.242564,0,0,0,0,0,1,0,0,0,0,1,0.581348,0.418652,0,0,0,.151746,.336368,.269895,.175961,6.6030000000000005E-2,0,.,.,.,.,.,0,0,0,0,0,1,0.009877,0.045562,0.00107,0.94349,0,4,11.09383,3,457,4119406
43,1,1,.,.,.,.,.652832,.344246,2.9220000000000001E-3,0,0,0,0,0,0,0,1,.,.,.,.,.,0.116879,0.368487,0,0.514635,0,0.956295,0.043705,0,0,0,0,0,1,0,0,0,0,1,0.965456,0.034544,0,0,0,0,1,.281089,.174864,.330151,.213896,0,0,0,0,0,1,0,0,0,0,1,0.542024,0.449969,0.008007,0,0,.166762,.250922,.313929,.157968,.110419,0,.,.,.,.,.,0,0,0,0,0,1,0.0101,0.024444,0,0.965456,0,4,14.36489,3,89,619566
43,2,1,.,.,.,.,.82771,.17229,0,0,0,0,0,0,0,0,1,.,.,.,.,.,0,0.200649,0,0.799351,0,0.82945,0.17055,0,0,0,0,0,1,0,0,0,0,1,1,0,0,0,0,0,1,8.6402999999999994E-2,.183078,.233991,.496527,0,0,0,0,0,1,0,0,0,0,1,0.873705,0.126295,0,0,0,.178073,.195983,.180087,8.8525000000000006E-2,.357332,0,.,.,.,.,.,0,0,0,0,0,1,0,0,0,1,0,,,,,
44,0,0,.514536,0,.485464,0,.,.,.,.,.,.,0.309459,0.294739,0.076199,0.034089,0.285515,1,0,0,0,0,0.222803,0.254628,0,0.522569,0,0.964179,0.035821,0,0.049511,0.065294,0.01062,0.023138,0.851437,0.588754,0.233463,0.126782,0.051001,0,0.997436,0.002564,0,0.315398,0.028691,0,0.655912,.,.,.,.,.,0.807197,0.065993,0.067544,0.059267,0,0.888648,0.002437,0.049648,0.059267,0,0.717219,0.235454,0,0.047328,0,.,.,.,.,.,.,.5,.5,0,0,0,0.065917,0,0,0,0,0.934083,0,0.002564,0,0,0.997436,5,15.12617,3,644,4257522
44,1,0,.696838,0,.303162,0,.,.,.,.,.,.,0.164215,0.625216,0,0,0.21057,1,0,0,0,0,0,0.614114,0,0.385886,0,0.938456,0.061544,0,0.030983,0.091707,0.023064,0.02078,0.833467,0.681822,0.165322,0.078685,0.074171,0,1,0,0,0.375176,0,0,0.624824,.,.,.,.,.,0.535226,0.257472,0.207302,0,0,0.554233,0,0.367082,0.078685,0,0.50004,0.49996,0,0,0,.,.,.,.,.,.,.913397,8.6602999999999999E-2,0,0,0,0.290454,0,0,0,0,0.709546,0,0,0,0,1,5,20.6054,3,125,606637
44,2,0,.644408,0,.355592,0,.,.,.,.,.,.,0.124572,0.398441,0.041046,0.082207,0.353734,.983692,0,0,0,1.6308E-2,0.32385,0.230445,0,0.445705,0,0.969662,0.030338,0,0.035118,0.050139,0.025048,0.020403,0.869293,0.586848,0.316137,0.019762,0.077253,0,1,0,0,0.302048,0,0,0.697952,.,.,.,.,.,0.856145,0.069666,0.021038,0.05315,0,0.921973,0,0.051376,0.026651,0,0.788752,0.211248,0,0,0,.,.,.,.,.,.,0,1,0,0,0,0.162112,0,0,0,0,0.837888,0,0,0,0,1,,,,,
44,0,1,.544949,0,.455051,0,.,.,.,.,.,.,0.5646,0.127112,0,0.023853,0.284435,1,0,0,0,0,0.141614,0.206323,0,0.652063,0,0.970881,0.029119,0,0.048777,0.040025,0.025278,0.022414,0.863506,0.816135,0.023079,0.03753,0.123256,0,0.952454,0.047546,0,0.333208,0,0,0.666792,.,.,.,.,.,0.9734,0.001877,0.002131,0.022592,0,0.876536,0.023853,0.062471,0.03714,0,0.768671,0.231329,0,0,0,.,.,.,.,.,.,.797105,.202895,0,0,0,0.103946,0,0,0,0,0.896054,0.030867,0,0.016678,0,0.952454,5,12.10072,3,507,4189834
44,1,1,.657936,0,.342064,0,.,.,.,.,.,.,0.264794,0.236276,0.105367,0,0.393563,1,0,0,0,0,0.20968,0.410849,0,0.379471,0,0.898038,0.101962,0,0.0442,0.07232,0.014727,0.012263,0.85649,0.589238,0.191872,0.035956,0.182935,0,0.964044,0.035956,0,0.43618,0,0,0.56382,.,.,.,.,.,0.778982,0.19457,0.026447,0,0,0.731887,0,0.268113,0,0,0.653941,0.346059,0,0,0,.,.,.,.,.,.,1,0,0,0,0,0.132689,0.04119,0,0,0,0.826121,0,0,0.035956,0,0.964044,5,17.2422,3,119,690167
44,2,1,.805142,0,.194858,0,.,.,.,.,.,.,0.270872,0.25769,0,0.063911,0.407526,.949918,5.0082000000000002E-2,0,0,0,0.14608,0.22317,0,0.630749,0,0.964979,0.035021,0,0.020404,0.030488,0.02716,0.0071,0.914847,0.731902,0,0.002444,0.265654,0,0.975021,0.024979,0,0.395404,0,0,0.604596,.,.,.,.,.,0.961658,0.025105,0.013237,0,0,0.795573,0,0.204427,0,0,0.555393,0.444607,0,0,0,.,.,.,.,.,.,1,0,0,0,0,0.145726,0,0,0,0,0.854274,0,0.024979,0,0,0.975021,,,,,
45,0,0,.507355,0,.492645,0,.,.,.,.,.,.,0.336629,0.231815,0.087927,0.052989,0.290641,1,0,0,0,0,0.222041,0.376698,0,0.401262,0,0.96872,0.03128,0,0.044092,0.053699,0.015983,0.030111,0.856115,0.530355,0.304364,0.093051,0.07223,0,1,0,0,0.316599,0.021831,0,0.661571,.,.,.,.,.,0.867131,0.060425,0.035352,0.037092,0,0.758404,0.041631,0.110311,0.089654,0,0.706235,0.293765,0,0,0,.,.,.,.,.,.,.794425,.205575,0,0,0,0.17008,0,0,0,0,0.82992,0,0,0,0,1,6,15.50397,3,607,3915125
45,1,0,.668526,0,.331474,0,.,.,.,.,.,.,0.168755,0.2967,0.051558,0,0.482987,1,0,0,0,0,0.095693,0.362825,0,0.541482,0,0.932622,0.067378,0,0.039181,0.047099,0.022291,0.035761,0.85567,0.624742,0.158935,0,0.216323,0,1,0,0,0.360321,0,0,0.639679,.,.,.,.,.,0.772903,0.175539,0,0.051558,0,0.838569,0.048162,0.113269,0,0,0.729128,0.270872,0,0,0,.,.,.,.,.,.,1,0,0,0,0,0.212107,0,0,0,0,0.787893,0,0,0,0,1,6,20.84305,3,130,623709
45,2,0,.55528,0,.44472,0,.,.,.,.,.,.,0.287525,0.295809,0.073933,0.026161,0.316572,1,0,0,0,0,0.216426,0.333381,0,0.450194,0,1,0,0,0.048128,0.042298,0.03197,0.010296,0.867307,0.588105,0.212643,0.129957,0.069295,0,1,0,0,0.410929,0,0,0.589071,.,.,.,.,.,0.793919,0.040718,0.093959,0.071404,0,0.568178,0.044096,0.20869,0.179035,0,0.838254,0.150635,0,0.011111,0,.,.,.,.,.,.,.617931,.382069,0,0,0,0.188172,0,0,0,0,0.811828,0,0,0,0,1,,,,,
45,0,1,.614401,0,.385599,0,.,.,.,.,.,.,0.548848,0.304554,0.025749,0,0.120849,.965663,0,3.4336999999999999E-2,0,0,0.15202,0.398008,0,0.449971,0,1,0,0,0.055618,0.079525,0.020951,0.028418,0.815488,0.782968,0.134851,0.028301,0.05388,0,0.939665,0.060335,0,0.594405,0,0,0.405595,.,.,.,.,.,0.965437,0.028546,0.003997,0.00202,0,0.828384,0.064593,0.107023,0,0,0.663059,0.336941,0,0,0,.,.,.,.,.,.,.699017,.300983,0,0,0,0.228432,0,0,0,0,0.771568,0,0.060335,0,0,0.939665,6,15.83744,3,605,3820061
45,1,1,.755102,0,.244898,0,.,.,.,.,.,.,0.402241,0.042032,0.064098,0,0.491629,1,0,0,0,0,0.092032,0.193006,0,0.714962,0,1,0,0,0.054882,0.038562,0.027088,0.034409,0.845059,0.5035,0.050806,0.00446,0.441234,0,0.961512,0.038488,0,0.433672,0,0,0.566328,.,.,.,.,.,0.824243,0.089294,0.044706,0.041757,0,0.450742,0.161091,0.34195,0.046217,0,0.763344,0.236656,0,0,0,.,.,.,.,.,.,1,0,0,0,0,0.181186,0,0,0,0,0.818814,0.038488,0,0,0,0.961512,6,19.48682,3,138,708171
45,2,1,.648094,0,.351906,0,.,.,.,.,.,.,0.311522,0.210337,0.038045,0.068067,0.37203,.997565,0,0,0,2.4350000000000001E-3,0.087328,0.280319,0,0.632353,0,0.935431,0.064569,0,0.04199,0.030025,0.021323,0.016559,0.890104,0.475996,0.222048,0.079127,0.22283,0,1,0,0,0.455311,0,0,0.544689,.,.,.,.,.,0.927767,0.027898,0.031067,0.013268,0,0.764379,0.057898,0.164456,0.013268,0,0.758241,0.241759,0,0,0,.,.,.,.,.,.,1,0,0,0,0,0.235698,0,0,0,0,0.764302,0,0,0,0,1,,,,,
46,0,0,,,,,,,,,,,,,,,,,,,,,,,,,,,,,,,,,,,,,,,,,,,,,,,,,,,,,,,,,,,,,,,,,,,,,,,,,,,,,,,,,,,,,,,,7,19.01894,3,699,3675284
46,1,0,,,,,,,,,,,,,,,,,,,,,,,,,,,,,,,,,,,,,,,,,,,,,,,,,,,,,,,,,,,,,,,,,,,,,,,,,,,,,,,,,,,,,,,,7,19.67742,3,124,630164
46,0,1,,,,,,,,,,,,,,,,,,,,,,,,,,,,,,,,,,,,,,,,,,,,,,,,,,,,,,,,,,,,,,,,,,,,,,,,,,,,,,,,,,,,,,,,7,16.60757,3,590,3552596
46,1,1,,,,,,,,,,,,,,,,,,,,,,,,,,,,,,,,,,,,,,,,,,,,,,,,,,,,,,,,,,,,,,,,,,,,,,,,,,,,,,,,,,,,,,,,7,17.8115,3,129,724251
51,0,0,.116746,.395697,.487556,0,9.3528E-2,3.4544999999999999E-2,.317424,.192657,.361846,0,0,0,0,0,1,0,.178324,.261239,.227743,.332695,0,0,0,0,1,0.983978,0.016022,0,0,0,0,0,1,0,0,0,0,1,0.995543,0.004457,0,0,0,0,1,1.8940000000000001E-3,2.2269999999999998E-3,.102393,.87368,1.9805E-2,0,0,0,0,1,0,0,0,0,1,0,0,0,0,1,8.8859999999999998E-3,0,0,9.3342999999999995E-2,.879747,1.8023999999999998E-2,0,6.5504000000000007E-2,.151103,.285906,.497487,0,0.091335,0.139333,0.299514,0.452361,0.017457,0,0,0,0,1,0,30.02045,4,698,2325082
51,1,0,3.9155000000000002E-2,.523782,.437063,0,.155554,7.1733000000000005E-2,.375841,.194855,.202017,0,0,0,0,0,1,0,.247805,.274779,.152598,.324818,0,0,0,0,1,0.905054,0.094946,0,0,0,0,0,1,0,0,0,0,1,1,0,0,0,0,0,1,0,0,.301496,.572298,.126206,0,0,0,0,1,0,0,0,0,1,0,0,0,0,1,0,7.9710000000000007E-3,0,.144643,.721179,.126206,0,7.8003000000000003E-2,.136506,.217246,.568246,0,0.171515,0.087364,0.362807,0.378315,0,0,0,0,0,1,0,31.3399,4,67,213785
51,2,0,0,1,0,0,0,0,.457981,0,.542019,0,0,0,0,0,1,0,.457981,.542019,0,0,0,0,0,0,1,1,0,0,0,0,0,0,1,0,0,0,0,1,1,0,0,0,0,0,1,0,0,0,1,0,0,0,0,0,1,0,0,0,0,1,0,0,0,0,1,0,0,0,0,1,0,0,0,0,.542019,.457981,0,0,0,0.542019,0.457981,0,0,0,0,0,1,,,,,
51,0,1,9.6160999999999996E-2,.464263,.439576,0,.186333,.143472,.377583,.164541,.128071,0,0,0,0,0,1,0,.220219,.2723,.278117,.229364,0,0,0,0,1,0.985804,0.014196,0,0,0,0,0,1,0,0,0,0,1,0.859217,0.100467,0.040316,0,0,0,1,0,1.0660000000000001E-3,7.6693999999999998E-2,.908004,1.4236E-2,0,0,0,0,1,0,0,0,0,1,0,0,0,0,1,1.529E-3,1.005E-3,0,.151159,.831156,1.5151E-2,0,.279583,.297079,.268111,.155227,0.000803,0.277446,0.30197,0.279746,0.140035,0,0,0,0,0,1,0,29.50207,4,325,2300756
51,1,1,9.0403999999999998E-2,.447584,.462013,0,.400993,6.0974E-2,.27487,.207046,1.4648E-2,4.1467999999999998E-2,0,0,0,0,1,0,.194928,.293342,.247813,.263916,0,0,0,0,1,0.971564,0.028436,0,0,0,0,0,1,0,0,0,0,1,0.972103,0.015,0.012896,0,0,0,1,0,0,.203951,.759376,3.6672999999999997E-2,0,0,0,0,1,0,0,0,0,1,0,0,0,0,1,0,0,0,.166576,.813958,1.9467000000000002E-2,0,.358227,.27664,.2145,.150633,0,0.385143,0.321937,0.215089,0.07783,0,0,0,0,0,1,0,36.90022,4,91,246611
51,2,1,0,.258846,.741154,0,.284098,.254335,0,.461567,0,0,0,0,0,0,1,0,.14513,.107893,.470773,.276204,0,0,0,0,1,0.86056,0.13944,0,0,0,0,0,1,0,0,0,0,1,0.873042,0.126958,0,0,0,0,1,0,0,0,.98542,1.4579999999999999E-2,0,0,0,0,1,0,0,0,0,1,0,0,0,0,1,0,0,0,.217248,.768172,1.4579999999999999E-2,0,.13055,.235587,.19409,.439773,0,0.054839,0.438256,0.278212,0.228693,0,0,0,0,0,1,,,,,
52,0,0,.168701,.65482,.176479,0,.358456,.238165,.246243,.157137,0,0,0,0,0,0,1,.,.,.,.,.,0.346913,0.449297,0.20379,0,0,0.989459,0.010541,0,0,0,0,0,1,0,0,0,0,1,0.981041,0,0.018959,0,0,0,1,0,1.944E-3,.118626,.87943,0,0,0,0,0,1,0,0,0,0,1,0,0,0,0,1,0,4.529E-3,0,.340303,.655168,0,0,7.4122999999999994E-2,.201215,.269249,.455413,0,0.073741,0.2052,0.246711,0.474349,0,0,0,0,0,1,1,28.5391,4,624,2186474
52,1,0,.369064,.419314,.211622,0,.395193,.216658,.222002,.166147,0,0,0,0,0,0,1,.,.,.,.,.,0.262411,0.525261,0.212328,0,0,1,0,0,0,0,0,0,1,0,0,0,0,1,1,0,0,0,0,0,1,0,0,.195213,.783363,2.1423000000000001E-2,0,0,0,0,1,0,0,0,0,1,0,0,0,0,1,0,0,0,.523014,.476986,0,0,.198202,.251961,.3297,.220137,0,0.216627,0.220098,0.337037,0.226238,0,0,0,0,0,1,1,30.59431,4,67,218995
52,2,0,.365574,.581395,5.3031000000000002E-2,0,.623934,6.3034000000000007E-2,.159581,.153451,0,0,0,0,0,0,1,.,.,.,.,.,0.53517,0.209635,0.255195,0,0,1,0,0,0,0,0,0,1,0,0,0,0,1,1,0,0,0,0,0,1,0,0,.109215,.890785,0,0,0,0,0,1,0,0,0,0,1,0,0,0,0,1,0,0,0,.302392,.697608,0,0,.106051,0,.256777,.637172,0,0.149144,0.326809,0.199429,0.324618,0,0,0,0,0,1,,,,,
52,0,1,.225957,.658579,.115463,0,.652022,.220259,.109252,1.6368000000000001E-2,0,2.098E-3,0,0,0,0,1,.,.,.,.,.,0.152978,0.361512,0.48551,0,0,0.975225,0.024775,0,0,0,0,0,1,0,0,0,0,1,0.856774,0,0.143226,0,0,0,1,0,2.3549999999999999E-3,7.4301000000000006E-2,.921246,2.098E-3,0,0,0,0,1,0,0,0,0,1,0,0,0,0,1,0,2.0580999999999999E-2,0,.494177,.483144,2.098E-3,0,.306832,.280425,.28802,.124724,0,0.269643,0.333603,0.268268,0.128486,0,0,0,0,0,1,1,27.43548,4,610,2223398
52,1,1,.34788,.356593,.295526,0,.634394,7.6062000000000005E-2,.218482,6.0818999999999998E-2,0,1.0243E-2,0,0,0,0,1,.,.,.,.,.,0.159699,0.31249,0.527811,0,0,0.969536,0.030464,0,0,0,0,0,1,0,0,0,0,1,0.964206,0,0.035794,0,0,0,1,0,0,8.4085999999999994E-2,.915914,0,0,0,0,0,1,0,0,0,0,1,0,0,0,0,1,2.0230999999999999E-2,1.2522E-2,0,.528764,.438483,0,0,.550293,.193099,.140966,.115642,0,0.381213,0.420363,0.112459,0.085966,0,0,0,0,0,1,1,31.54425,4,80,253612
52,2,1,.177782,.713464,.108754,0,1,0,0,0,0,0,0,0,0,0,1,.,.,.,.,.,0.29527,0.301607,0.403123,0,0,1,0,0,0,0,0,0,1,0,0,0,0,1,1,0,0,0,0,0,1,0,0,0,1,0,0,0,0,0,1,0,0,0,0,1,0,0,0,0,1,0,0,0,.236789,.763211,0,0,.177782,.562307,0,.259911,0,0.127509,0.297398,0.501699,0.073395,0,0,0,0,0,1,,,,,
53,0,0,,,,,,,,,,,,,,,,,,,,,,,,,,,,,,,,,,,,,,,,,,,,,,,,,,,,,,,,,,,,,,,,,,,,,,,,,,,,,,,,,,,,,,,,2,27.87643,4,688,2468035
53,1,0,,,,,,,,,,,,,,,,,,,,,,,,,,,,,,,,,,,,,,,,,,,,,,,,,,,,,,,,,,,,,,,,,,,,,,,,,,,,,,,,,,,,,,,,2,44.29193,4,115,259641
53,0,1,,,,,,,,,,,,,,,,,,,,,,,,,,,,,,,,,,,,,,,,,,,,,,,,,,,,,,,,,,,,,,,,,,,,,,,,,,,,,,,,,,,,,,,,2,22.42512,4,557,2483822
53,1,1,,,,,,,,,,,,,,,,,,,,,,,,,,,,,,,,,,,,,,,,,,,,,,,,,,,,,,,,,,,,,,,,,,,,,,,,,,,,,,,,,,,,,,,,2,26.85925,4,80,297849
54,0,0,.,.,.,.,.478905,.503471,1.7624000000000001E-2,0,0,0,0,0,0,0,1,.,.,.,.,.,0.379276,0.350324,0,0.2704,0,0.967138,0.032862,0,0,0,0,0,1,0,0,0,0,1,0.98678,0.01322,0,0,0,0,1,.114235,.236102,.447962,.201701,0,0,0,0,0,1,0,0,0,0,1,0.579274,0.415975,0.004751,0,0,.137882,.332372,.245629,.162498,.12162,0,.,.,.,.,.,0,0,0,0,0,1,0.007255,0.005966,0,0.98678,0,3,25.12609,4,771,3068524
54,1,0,.,.,.,.,.368668,.595781,3.5552E-2,0,0,0,0,0,0,0,1,.,.,.,.,.,0.239014,0.442835,0,0.31815,0,0.938742,0.061258,0,0,0,0,0,1,0,0,0,0,1,0.992186,0.007814,0,0,0,0,1,.277082,.150322,.398793,.173802,0,0,0,0,0,1,0,0,0,0,1,0.500896,0.489654,0.00945,0,0,.310785,.21595,.240685,.117392,.115187,0,.,.,.,.,.,0,0,0,0,0,1,0.007814,0,0,0.992186,0,3,40.29976,4,131,325064
54,2,0,.,.,.,.,.824296,.175704,0,0,0,0,0,0,0,0,1,.,.,.,.,.,0,0.181706,0,0.818294,0,0.960941,0.039059,0,0,0,0,0,1,0,0,0,0,1,0.802414,0.197586,0,0,0,0,1,4.5061999999999998E-2,.233865,.679863,4.1210999999999998E-2,0,0,0,0,0,1,0,0,0,0,1,0.350917,0.649083,0,0,0,.103474,2.8250000000000001E-2,2.8250000000000001E-2,.748959,9.1066999999999995E-2,0,.,.,.,.,.,0,0,0,0,0,1,0.197586,0,0,0.802414,0,,,,,
54,0,1,.,.,.,.,.756039,.226309,1.7652000000000001E-2,0,0,0,0,0,0,0,1,.,.,.,.,.,0.218874,0.282657,0,0.498469,0,0.953914,0.046086,0,0,0,0,0,1,0,0,0,0,1,0.914798,0.085202,0,0,0,0,1,.122336,.163487,.416291,.297886,0,0,0,0,0,1,0,0,0,0,1,0.591187,0.408813,0,0,0,.194666,.365444,.291638,.116631,3.1621000000000003E-2,0,.,.,.,.,.,0,0,0,0,0,1,0.021397,0.057242,0.006563,0.914798,0,3,20.63128,4,633,3068156
54,1,1,.,.,.,.,.734086,.265914,0,0,0,0,0,0,0,0,1,.,.,.,.,.,0.135153,0.336542,0,0.528305,0,0.956664,0.043336,0,0,0,0,0,1,0,0,0,0,1,0.959402,0.040598,0,0,0,0,1,.294243,.144351,.437035,.124371,0,0,0,0,0,1,0,0,0,0,1,0.565915,0.434085,0,0,0,.30815,.287018,.210176,.116062,7.8592999999999996E-2,0,.,.,.,.,.,0,0,0,0,0,1,0.01472,0.025878,0,0.959402,0,3,33.8335,4,126,372412
54,2,1,.,.,.,.,.973625,2.6374999999999999E-2,0,0,0,0,0,0,0,0,1,.,.,.,.,.,0.070762,0.094225,0,0.835014,0,0.934974,0.065026,0,0,0,0,0,1,0,0,0,0,1,1,0,0,0,0,0,1,0,9.9240999999999996E-2,.433323,.467436,0,0,0,0,0,1,0,0,0,0,1,0.795494,0.199388,0.005118,0,0,.405465,.183325,5.4191999999999997E-2,.122849,.234168,0,.,.,.,.,.,0,0,0,0,0,1,0,0,0,1,0,,,,,
55,0,0,.,.,.,.,.463057,.536943,0,0,0,0,0,0,0,0,1,.,.,.,.,.,0.444149,0.305374,0,0.250478,0,0.981586,0.018414,0,0,0,0,0,1,0,0,0,0,1,0.988356,0.011644,0,0,0,0,1,.194275,.121231,.432708,.251786,0,0,0,0,0,1,0,0,0,0,1,0.629092,0.370908,0,0,0,.247351,.266911,.254534,.106816,.124388,0,.,.,.,.,.,0,0,0,0,0,1,0.004846,0.006798,0,0.988356,0,4,25.93986,4,951,3666173
55,1,0,.,.,.,.,.334785,.655631,9.5849999999999998E-3,0,0,0,0,0,0,0,1,.,.,.,.,.,0.126372,0.520731,0.00686,0.346037,0,0.929682,0.066024,0.004294,0,0,0,0,1,0,0,0,0,1,0.987298,0.012702,0,0,0,0,1,.224686,.2674,.352171,.155743,0,0,0,0,0,1,0,0,0,0,1,0.406713,0.586427,0.00686,0,0,.181942,.1956,.257087,.165942,.199429,0,.,.,.,.,.,0,0,0,0,0,1,0,0.012702,0,0.987298,0,4,37.08018,4,163,439588
55,2,0,.,.,.,.,.461224,.538776,0,0,0,0,0,0,0,0,1,.,.,.,.,.,0.369497,0.501413,0,0.129089,0,1,0,0,0,0,0,0,1,0,0,0,0,1,1,0,0,0,0,0,1,.159387,.349674,.238708,.25223,0,0,0,0,0,1,0,0,0,0,1,0.39776,0.60224,0,0,0,.218336,0,.107665,.466907,.207092,0,.,.,.,.,.,0,0,0,0,0,1,0,0,0,1,0,,,,,
55,0,1,.,.,.,.,.667509,.325488,7.0029999999999997E-3,0,0,0,0,0,0,0,1,.,.,.,.,.,0.326489,0.134854,0,0.538657,0,0.956215,0.043785,0,0,0,0,0,1,0,0,0,0,1,0.951508,0.048492,0,0,0,0,1,.105857,.196305,.405163,.292675,0,0,0,0,0,1,0,0,0,0,1,0.709564,0.290436,0,0,0,.242388,.303393,.271574,.134426,4.8217999999999997E-2,0,.,.,.,.,.,0,0,0,0,0,1,0.016203,0.024359,0.007929,0.951508,0,4,22.37622,4,821,3669074
55,1,1,.,.,.,.,.803496,.196504,0,0,0,0,0,0,0,0,1,.,.,.,.,.,0.151422,0.269396,0,0.579181,0,0.972539,0.027461,0,0,0,0,0,1,0,0,0,0,1,0.996577,0.003423,0,0,0,0,1,.255997,.185495,.42465,.133858,0,0,0,0,0,1,0,0,0,0,1,0.602287,0.397713,0,0,0,.264733,.31752,.273912,8.6729000000000001E-2,5.7105999999999997E-2,0,.,.,.,.,.,0,0,0,0,0,1,0,0.003423,0,0.996577,0,4,33.56615,4,172,512421
55,2,1,.,.,.,.,.877399,.122601,0,0,0,0,0,0,0,0,1,.,.,.,.,.,0,0.131224,0,0.868776,0,0.977701,0.022299,0,0,0,0,0,1,0,0,0,0,1,1,0,0,0,0,0,1,.392117,.137783,.392867,7.7232999999999996E-2,0,0,0,0,0,1,0,0,0,0,1,0.601957,0.398043,0,0,0,6.8134E-2,.318374,2.8981E-2,.265896,.318614,0,.,.,.,.,.,0,0,0,0,0,1,0,0,0,1,0,,,,,
56,0,0,.577949,0,.422051,0,.,.,.,.,.,.,0.457913,0.312627,0.044456,0.022565,0.16244,1,0,0,0,0,0.197682,0.179775,0,0.622543,0,0.947413,0.052587,0,0.055613,0.050199,0.038748,0.04273,0.81271,0.822597,0.11586,0.004111,0.057432,0,0.959347,0.040653,0,0.415922,0,0,0.584078,.,.,.,.,.,0.914155,0.044456,0,0.04139,0,0.902192,0,0.001773,0.096035,0,0.696872,0.227851,0,0.075277,0,.,.,.,.,.,.,.578237,.421763,0,0,0,0.197164,0,0,0,0,0.802836,0,0.040653,0,0,0.959347,5,28.19531,4,1127,3997119
56,1,0,.710044,0,.289956,0,.,.,.,.,.,.,0.449556,0.092745,0.163611,0,0.294088,1,0,0,0,0,0.170044,0.522394,0,0.307562,0,0.953503,0.046497,0,0.045593,0.044357,0.01582,0.036171,0.858058,0.581689,0.250701,0.046868,0.120742,0,0.956805,0.043195,0,0.654895,0,0,0.345105,.,.,.,.,.,0.945986,0,0,0.054014,0,0.700336,0.10195,0.107651,0.090064,0,0.653952,0.346048,0,0,0,.,.,.,.,.,.,.691599,.308401,0,0,0,0.204204,0,0,0,0,0.795796,0,0.043195,0,0,0.956805,5,36.58435,4,193,527548
56,2,0,.524488,0,.475512,0,.,.,.,.,.,.,0.4605,0.120739,0.161734,0.029788,0.227238,1,0,0,0,0,0.130278,0.659205,0,0.210518,0,0.971783,0.028217,0,0.068336,0.075425,0.081135,0.014237,0.760867,0.729492,0.242291,0.028217,0,0,1,0,0,0.211138,0,0,0.788862,.,.,.,.,.,0.849321,0,0.150679,0,0,0.782687,0,0.217313,0,0,0.392653,0.607347,0,0,0,.,.,.,.,.,.,6.1842000000000001E-2,.938158,0,0,0,0.038059,0.028231,0,0,0,0.93371,0,0,0,0,1,,,,,
56,0,1,.694718,0,.305282,0,.,.,.,.,.,.,0.434221,0.116454,0.072514,0,0.376811,1,0,0,0,0,0.193572,0.276668,0,0.52976,0,1,0,0,0.039334,0.045119,0.013917,0.021259,0.88037,0.69407,0.048373,0.060146,0.197411,0,0.917942,0.082058,0,0.459475,0,0,0.540525,.,.,.,.,.,0.917636,0.052538,0,0.029826,0,0.73738,0.030845,0.207578,0.024197,0,0.600006,0.386857,0,0.013137,0,.,.,.,.,.,.,1,0,0,0,0,0.075088,0,0,0,0,0.924912,0,0.082058,0,0,0.917942,5,23.04012,4,920,3993034
56,1,1,.838108,0,.161892,0,.,.,.,.,.,.,0.219712,0.258117,0,0.036582,0.485589,1,0,0,0,0,0.262237,0.345411,0,0.392352,0,0.923469,0.076531,0,0.064357,0.069146,0.032333,0.026379,0.807785,0.446428,0.234679,0,0.318892,0,0.958584,0.041416,0,0.467628,0,0.033139,0.499232,.,.,.,.,.,0.819768,0.105677,0.074555,0,0,0.728261,0.073651,0.198089,0,0,0.605327,0.394673,0,0,0,.,.,.,.,.,.,1,0,0,0,0,0.230202,0.033139,0,0,0,0.736659,0,0.041416,0,0,0.958584,5,34.85919,4,212,608161
56,2,1,.506819,0,.493181,0,.,.,.,.,.,.,0.520229,0.134434,0,0,0.345337,1,0,0,0,0,0.178131,0.26996,0,0.551909,0,0.952719,0.047281,0,0.007059,0.037227,0.007271,0.021184,0.927259,0.655913,0.01373,0.217239,0.113118,0,0.917169,0.068312,0.014518,0.343734,0,0,0.656266,.,.,.,.,.,0.837783,0.015062,0.147155,0,0,0.87756,0.016782,0.105658,0,0,0.731407,0.268593,0,0,0,.,.,.,.,.,.,.987113,1.2886999999999999E-2,0,0,0,0.268876,0,0,0,0,0.731124,0.018816,0.049496,0,0,0.931688,,,,,
57,0,0,.553441,0,.446559,0,.,.,.,.,.,.,0.452565,0.194288,0.090406,0.038456,0.224285,1,0,0,0,0,0.308368,0.323709,0,0.367923,0,0.949744,0.050256,0,0.046135,0.062244,0.030044,0.019524,0.842052,0.547075,0.314764,0.019937,0.118225,0,0.951554,0.048446,0,0.545938,0.041684,0,0.412378,.,.,.,.,.,0.844979,0.070193,0.076254,0.008574,0,0.802531,0.042514,0.091944,0.063012,0,0.753106,0.231258,0,0.015635,0,.,.,.,.,.,.,.548167,.451833,0,0,0,0.094231,0,0,0,0,0.905769,0,0.048446,0,0,0.951554,6,30.85009,4,1268,4110199
57,1,0,.556567,0,.439993,3.4399999999999999E-3,.,.,.,.,.,.,0.464438,0.202909,0.037346,0.037836,0.25747,.938346,0,6.1654E-2,0,0,0.085342,0.209039,0,0.70562,0,1,0,0,0.066655,0.059732,0.013088,0.017988,0.842536,0.737576,0.098037,0,0.164387,0,1,0,0,0.388356,0,0,0.611644,.,.,.,.,.,0.930092,0,0.037346,0.032562,0,0.840938,0,0.090091,0.068971,0,0.707948,0.292052,0,0,0,.,.,.,.,.,.,1,0,0,0,0,0.130141,0,0,0,0,0.869859,0,0,0,0,1,6,35.12315,4,208,592202
57,2,0,.726767,0,.273233,0,.,.,.,.,.,.,0.241236,0.069529,0.316564,0.034865,0.337807,1,0,0,0,0,0.260121,0.313351,0,0.426528,0,0.921579,0.078421,0,0.054314,0.032317,0.018788,0.034076,0.860505,0.699979,0.190559,0.060204,0.049258,0,1,0,0,0.595988,0,0,0.404012,.,.,.,.,.,0.733149,0.060641,0.114804,0.091406,0,0.758576,0.013046,0.18054,0.047838,0,0.72486,0.262146,0,0.012995,0,.,.,.,.,.,.,.191268,.808732,0,0,0,0.102756,0.056028,0,0,0,0.841216,0,0,0,0,1,,,,,
57,0,1,.65835,0,.34165,0,.,.,.,.,.,.,0.482167,0.074959,0,0,0.442874,1,0,0,0,0,0.184331,0.20879,0,0.606879,0,1,0,0,0.043152,0.056665,0.027772,0.013886,0.858526,0.737266,0,0.140135,0.122599,0,0.903183,0.064947,0.03187,0.410727,0,0,0.589273,.,.,.,.,.,0.910303,0.025461,0.024322,0.039914,0,0.813324,0.029546,0.085945,0.071185,0,0.745641,0.207554,0,0.046805,0,.,.,.,.,.,.,.372211,.627789,0,0,0,0.076952,0,0,0,0,0.923048,0,0.064947,0,0,0.935053,6,24.55227,4,1004,4089235
57,1,1,.813986,0,.186014,0,.,.,.,.,.,.,0.345274,0.046173,0,0,0.608554,1,0,0,0,0,0,0.356807,0,0.643193,0,0.962055,0.037945,0,0.050099,0.080867,0.016369,0.003219,0.849447,0.557179,0.039443,0.131956,0.271422,0,1,0,0,0.303473,0,0,0.696527,.,.,.,.,.,0.848594,0.052895,0.098511,0,0,0.508832,0.068308,0.376687,0.046173,0,0.603026,0.396974,0,0,0,.,.,.,.,.,.,1,0,0,0,0,0.17499,0,0,0,0,0.82501,0,0,0,0,1,6,36.58771,4,247,675090
57,2,1,.836177,0,.163823,0,.,.,.,.,.,.,0.540163,0.157614,0.010139,0,0.292085,1,0,0,0,0,0.166617,0.111434,0,0.721949,0,0.967953,0.032047,0,0.05406,0.043716,0.011537,0.008304,0.882383,0.771549,0.015124,0.097743,0.115584,0,0.975314,0.024686,0,0.356211,0,0,0.643789,.,.,.,.,.,0.75263,0.15956,0.035978,0.051832,0,0.788177,0.035227,0.026573,0.150023,0,0.849612,0.150388,0,0,0,.,.,.,.,.,.,1,0,0,0,0,0.233526,0,0,0,0,0.766474,0,0.024686,0,0,0.975314,,,,,
58,0,0,,,,,,,,,,,,,,,,,,,,,,,,,,,,,,,,,,,,,,,,,,,,,,,,,,,,,,,,,,,,,,,,,,,,,,,,,,,,,,,,,,,,,,,,7,32.80985,4,1252,3815927
58,1,0,,,,,,,,,,,,,,,,,,,,,,,,,,,,,,,,,,,,,,,,,,,,,,,,,,,,,,,,,,,,,,,,,,,,,,,,,,,,,,,,,,,,,,,,7,41.01427,4,250,609544
58,0,1,,,,,,,,,,,,,,,,,,,,,,,,,,,,,,,,,,,,,,,,,,,,,,,,,,,,,,,,,,,,,,,,,,,,,,,,,,,,,,,,,,,,,,,,7,27.76831,4,1043,3756080
58,1,1,,,,,,,,,,,,,,,,,,,,,,,,,,,,,,,,,,,,,,,,,,,,,,,,,,,,,,,,,,,,,,,,,,,,,,,,,,,,,,,,,,,,,,,,7,35.18872,4,244,693404
